Workbook

Sheet README
A1: # Runtime Experiment: Surrogate vs BN, with and without GA
A3: Measures the execution time of the four team-formation pipeline conditions.
A5: ## Conditions
A7: | ID | Evaluator | Search | Main file |
A8: |-----|-----------|--------|------------------------------|
A9: | C1 | Surrogate | — | `Pipeline/evaluate_teams_sur.py` |
A10: | C2 | Surrogate | GA | `Algorithms/GA/engine.py` |
A11: | C3 | BN | — | `Pipeline/evaluate_teams.py` |
A12: | C4 | BN | GA | `Algorithms/GA/engine.py` |
A14: **Without GA (C1, C3):** evaluates 210 randomly sampled teams per round.
A15: **With GA (C2, C4):** runs `pop_size=10` for 20 complete generations, totaling 210 evaluations; caching and early stopping are disabled.
A17: ## Experimental design
... A80: - `Script reference` is an English-language adaptation for supplementary documentation; the canonical executable is `Experimento_tempo_Sur_BN_GA/benchmark.py`. English condition IDs map one-to-one to the canonical semAG/comAG identifiers.

Sheet Timing results
A1: condition | B1: project | C1: round | D1: time_s
A2: C1_Sur_noGA | B2: P1 | C2: 1 | D2: 0.352295
A3: C1_Sur_noGA | B3: P1 | C3: 2 | D3: 0.647793
A4: C1_Sur_noGA | B4: P1 | C4: 3 | D4: 0.49696
A5: C1_Sur_noGA | B5: P1 | C5: 4 | D5: 0.464684
A6: C1_Sur_noGA | B6: P1 | C6: 5 | D6: 0.569036
A7: C2_Sur_withGA | B7: P1 | C7: 1 | D7: 0.501862
A8: C2_Sur_withGA | B8: P1 | C8: 2 | D8: 0.693221
A9: C2_Sur_withGA | B9: P1 | C9: 3 | D9: 0.636074
A10: C2_Sur_withGA | B10: P1 | C10: 4 | D10: 0.477995
A11: C2_Sur_withGA | B11: P1 | C11: 5 | D11: 0.490472
A12: C3_BN_noGA | B12: P1 | C12: 1 | D12: 8.256687
A13: C3_BN_noGA | B13: P1 | C13: 2 | D13: 11.633613
... A101: C4_BN_withGA | B101: P5 | C101: 5 | D101: 11.602076

Sheet Timing summary
A1: condition | B1: project | C1: n_rounds | D1: mean_s | E1: std_s | F1: min_s | G1: max_s
A2: C1_Sur_noGA | B2: P1 | C2: 5 | D2: 0.5062 | E2: 0.1112 | F2: 0.3523 | G2: 0.6478
A3: C1_Sur_noGA | B3: P2 | C3: 5 | D3: 0.432 | E3: 0.0418 | F3: 0.3873 | G3: 0.493
A4: C1_Sur_noGA | B4: P3 | C4: 5 | D4: 0.6353 | E4: 0.137 | F4: 0.4971 | G4: 0.8207
A5: C1_Sur_noGA | B5: P4 | C5: 5 | D5: 0.6272 | E5: 0.1033 | F5: 0.5163 | G5: 0.7289
A6: C1_Sur_noGA | B6: P5 | C6: 5 | D6: 0.6559 | E6: 0.0955 | F6: 0.5409 | G6: 0.8044
A7: C2_Sur_withGA | B7: P1 | C7: 5 | D7: 0.5599 | E7: 0.0981 | F7: 0.478 | G7: 0.6932
A8: C2_Sur_withGA | B8: P2 | C8: 5 | D8: 0.4405 | E8: 0.0324 | F8: 0.4174 | G8: 0.4974
A9: C2_Sur_withGA | B9: P3 | C9: 5 | D9: 0.5712 | E9: 0.0757 | F9: 0.5199 | G9: 0.7037
A10: C2_Sur_withGA | B10: P4 | C10: 5 | D10: 0.5037 | E10: 0.0905 | F10: 0.3942 | G10: 0.636
A11: C2_Sur_withGA | B11: P5 | C11: 5 | D11: 0.671 | E11: 0.1257 | F11: 0.5537 | G11: 0.8641
A12: C3_BN_noGA | B12: P1 | C12: 5 | D12: 12.3437 | E12: 2.5216 | F12: 8.2567 | G12: 14.5447
A13: C3_BN_noGA | B13: P2 | C13: 5 | D13: 10.2682 | E13: 3.4676 | F13: 7.7593 | G13: 15.7805
... A21: C4_BN_withGA | B21: P5 | C21: 5 | D21: 11.4975 | E21: 0.3911 | F21: 11.0104 | G21: 11.8705
A23: Overall results — 5 projects × 5 rounds per condition | I23: Protocol and comparisons
A24: condition | B24: n | C24: mean_s | D24: std_s | E24: min_s | F24: max_s | G24: ms/evaluation | I24: Speedup without GA | J24: =C27/C25 -> 19.693745
A25: C1_Sur_noGA | B25: =COUNTIF('Timing results'!$A$2:$A$101,A25) -> 25 | C25: =AVERAGEIF('Timing results'!$A$2:$A$101,A25,'Timing results'!$D$2:$D$101) -> 0.5713192 | D25: =SQRT(SUMPRODUCT(('Timing results'!$A$2:$A$101=A25)*('Timing results'!$D$2:$D$101-C25)^2)/(B25-1)) -> 0.1292607 | E25: =MINIFS('Timing results'!$D$2:$D$101,'Timing results'!$A$2:$A$101,A25) -> 0.352295 | F25: =MAXIFS('Timing results'!$D$2:$D$101,'Timing results'!$A$2:$A$101,A25) -> 0.820713 | G25: =C25/$J$27*1000 -> 2.7205676 | I25: Speedup with GA | J25: =C28/C26 -> 21.690285
A26: C2_Sur_withGA | B26: =COUNTIF('Timing results'!$A$2:$A$101,A26) -> 25 | C26: =AVERAGEIF('Timing results'!$A$2:$A$101,A26,'Timing results'!$D$2:$D$101) -> 0.54927196 | D26: =SQRT(SUMPRODUCT(('Timing results'!$A$2:$A$101=A26)*('Timing results'!$D$2:$D$101-C26)^2)/(B26-1)) -> 0.11331993 | E26: =MINIFS('Timing results'!$D$2:$D$101,'Timing results'!$A$2:$A$101,A26) -> 0.394242 | F26: =MAXIFS('Timing results'!$D$2:$D$101,'Timing results'!$A$2:$A$101,A26) -> 0.864089 | G26: =C26/$J$27*1000 -> 2.6155808 | I26: Measurements | J26: 100
A27: C3_BN_noGA | B27: =COUNTIF('Timing results'!$A$2:$A$101,A27) -> 25 | C27: =AVERAGEIF('Timing results'!$A$2:$A$101,A27,'Timing results'!$D$2:$D$101) -> 11.251414 | D27: =SQRT(SUMPRODUCT(('Timing results'!$A$2:$A$101=A27)*('Timing results'!$D$2:$D$101-C27)^2)/(B27-1)) -> 1.9015494 | E27: =MINIFS('Timing results'!$D$2:$D$101,'Timing results'!$A$2:$A$101,A27) -> 7.759279 | F27: =MAXIFS('Timing results'!$D$2:$D$101,'Timing results'!$A$2:$A$101,A27) -> 15.780478 | G27: =C27/$J$27*1000 -> 53.578164 | I27: Evaluations/run | J27: 210
A28: C4_BN_withGA | B28: =COUNTIF('Timing results'!$A$2:$A$101,A28) -> 25 | C28: =AVERAGEIF('Timing results'!$A$2:$A$101,A28,'Timing results'!$D$2:$D$101) -> 11.913865 | D28: =SQRT(SUMPRODUCT(('Timing results'!$A$2:$A$101=A28)*('Timing results'!$D$2:$D$101-C28)^2)/(B28-1)) -> 1.4116121 | E28: =MINIFS('Timing results'!$D$2:$D$101,'Timing results'!$A$2:$A$101,A28) -> 7.829051 | F28: =MAXIFS('Timing results'!$D$2:$D$101,'Timing results'!$A$2:$A$101,A28) -> 15.232877 | G28: =C28/$J$27*1000 -> 56.732691 | I28: Population | J28: 10
I29: Full generations | J29: 20
I30: Cache / early stop | J30: disabled / disabled
A32: Protocol: four conditions × five projects × five rounds = 100 measurements. Each run performed 210 evaluator calls; warm-up was completed before timing; time.perf_counter() was used; cache and early stopping were disabled. Interpretation: the speedups are within-environment relative measurements. The paired mean-difference 95% confidence intervals for C2−C1 and C4−C3 include zero, but no equivalence test was performed. Hardware and software metadata were not recorded, and the observed project-level variability should not be assigned a causal explanation.

Sheet Fidelity results
A1: Surrogate vs Bayesian Network — Supplementary Results
A2: Fidelity, computational efficiency, scientific interpretation, and reproducibility notes
A4: Fidelity metrics
A5: Phase | B5: Validation design | C5: Brier Score | D5: MAE (expected mean) | E5: n | F5: Projects | G5: Missing teacher rows | H5: Canonical source
A6: Training (calibration) | B6: Controlled exhaustive grid; deterministic-hash training split | C6: 0.015526431 | D6: 0.038272189 | E6: 20930 | H6: Calibration_surrogate/BN_teacher/results_teacher_bn/best_params_teacher_bn.json
A7: Controlled holdout | B7: Held-out controlled scenarios; no parameter readjustment | C7: 0.015573546 | D7: 0.038542253 | E7: 5320 | H7: Calibration_surrogate/BN_teacher/results_teacher_bn/best_params_teacher_bn.json
A8: Real teams (end-to-end) | B8: 200 sampled teams per project; seed 42 | C8: 0.032837183 | D8: 0.049560328 | E8: 1200 | F8: 6 | G8: 0 | H8: Calibration_surrogate/EndToEnd/results_end2end/summary.json
A10: Calibrated surrogate parameters
A11: w_dom | B11: w_eco | C11: w_ling | D11: w_min | E11: w_max | F11: sigma_AE
A12: 3 | B12: 1 | C12: 5 | D12: 5 | E12: 1 | F12: 0.15
A14: Derived fidelity checks
A15: Check | B15: Value | C15: Interpretation
A16: Brier: holdout minus training | B16: =C7-C6 -> 4.7115534e-05 | C16: Small positive difference; not evidence of statistical equivalence
A17: MAE: holdout minus training | B17: =D7-D6 -> 0.00027006365 | C17: Small positive difference; not evidence of statistical equivalence
A18: End-to-end MAE in percentage points | B18: =D8*100 -> 4.9560328 | C18: Average expected-score difference between surrogate and BN
A19: Total controlled scenarios | B19: =E6+E7 -> 26250 | C19: Training plus controlled holdout
A21: Computational efficiency — linked to the timing summary
A22: Scenario | B22: Surrogate mean (s) | C22: BN mean (s) | D22: Speedup | E22: Evaluations per run
A23: Direct evaluation (without GA) | B23: ='Timing summary'!C25 -> 0.5713192 | C23: ='Timing summary'!C27 -> 11.251414 | D23: ='Timing summary'!J24 -> 19.693745 | E23: ='Timing summary'!J27 -> 210
A24: Complete GA pipeline | B24: ='Timing summary'!C26 -> 0.54927196 | C24: ='Timing summary'!C28 -> 11.913865 | D24: ='Timing summary'!J25 -> 21.690285 | E24: ='Timing summary'!J27 -> 210
A26: Scientific interpretation
A27: • The surrogate closely approximates the Bayesian Network on both controlled training and held-out scenarios.
A28: • The very small train–holdout differences (Brier = 0.000047; MAE = 0.000270) indicate no substantial deterioration on the holdout, but they do not prove statistical equivalence.
A29: • In the real-team end-to-end evaluation, MAE = 0.04956 means that the expected adequacy score differs from the BN by approximately 4.96 percentage points on average.
A30: • The higher end-to-end errors are expected because real teams generate continuous technical scores outside the discrete calibration grid.
A31: • The runtime benchmark shows an approximately 19.69× speedup for direct evaluation and 21.69× for the complete GA pipeline under the original execution environment.
A32: • The similar total times with and without the GA indicate that evaluator calls dominate runtime under the fixed 210-evaluation protocol.
A33: • Brier Score and MAE measure surrogate fidelity and approximation error; they are not a conventional classification-accuracy percentage.
A34: • These results do not by themselves establish ranking preservation or equal BN-evaluated solution quality between the two GA modes; those require additional validation.
A36: Scope and reproducibility notes
A37: • The fidelity and timing studies are separate experiments: end-to-end fidelity used 6 projects and 1,200 teams; timing used 5 projects and 100 measurements.
A38: • Hardware and software-environment metadata were not recorded; absolute times characterize the original environment, while within-environment speedup ratios are the stronger comparative result.
... A47: C:/projetos/STFP/Experimento_tempo_Sur_BN_GA/benchmark.py

Sheet Script reference
A1: # benchmark.py
A2: # Runtime experiment: 4 conditions × 5 projects × 5 rounds
A3: #
A4: # C1 - Surrogate without GA → avaliar_equipe_surrogate (Pipeline/evaluate_teams_sur.py)
A5: # C2 - Surrogate with GA → run_ga_com_config with evaluator=surrogate
A6: # C3 - BN without GA → avaliar_equipe (Pipeline/evaluate_teams.py)
A7: # C4 - BN with GA → run_ga_com_config with evaluator=BN
A8: #
A9: # Output: results_tempo.csv (columns: condition, project, round, time_s)
A10: # ---------------------------------------------------------------------------
A12: from __future__ import annotations
A13: import sys, os, csv, time, random, io, contextlib
... A348: main()
