Workbook
Name ListaDevs: #REF!

Sheet Instruções
A1: Como preencher a aba “Ranking_Expert”: 1. Em projeto_id, escolha um dos projetos (P1…P5). O nome do projeto aparece automaticamente ao lado. 2. Em rank_expert, escolha o ranking da equipe: 2.1. 1 = melhor equipe que você montaria hoje para esse projeto, 2.2. 2 = segunda melhor alternativa, … até 5. 3. Em nota_global, atribua uma nota de 1 a 5 para a equipe, considerando quão boa ela é para o projeto. 4. Em observações, escreva livremente os critérios usados e comentário que julgar importante. 5. Para cada projeto (P1…P5), preencha até 5 equipes (rank 1 a 5), onde 1 é a melhor e 5 a pior.
A18: OSF | B18: Fator de sucesso objetivo | E18: Ex.: NPS
A19: SLF | B19: Fator de liderança subjetiva (a nível de equipe) | E19: Ex.: Time avalia sua liderança na equipe

Sheet Devs
A1: id | B1: nome_apelido | C1: dominio | D1: ecossistema | E1: linguagens | F1: resumo_projetos_em_comum_na_equipe
A2: 5 | B2: Dev5 | C2: Mobile | D2: Android | E2: Kotlin | F2: 5-263: P179(,osf=0.489,slf=0.711) | 5-468: P82(,osf=0.567,slf=0.737) | 5-503: P145(,osf=0.612,slf=0.871); P177(,osf=0.340,slf=0.621); P213(,osf=0.312,slf=0.608); P216(,osf=0.401,slf=0.341); P279(,osf=0.594,slf=0.422)
A3: 7 | B3: Dev7 | C3: Web | D3: React | E3: JavaScript | F3: 7-193: P82(,osf=0.567,slf=0.737); P85(,osf=0.784,slf=0.538) | 7-194: P40(,osf=0.733,slf=0.373); P82(,osf=0.567,slf=0.737); P85(,osf=0.784,slf=0.538)
A4: 8 | B4: Dev8 | C4: IoT | F4: 8-142: P104(,osf=0.636,slf=0.624); P175(,osf=0.716,slf=0.339); P205(,osf=0.588,slf=0.465); P92(,osf=0.849,slf=0.891) | 8-290: P175(,osf=0.716,slf=0.339); P205(,osf=0.588,slf=0.465); P92(,osf=0.849,slf=0.891)
A5: 27 | B5: Dev27 | C5: Web | E5: JavaScript | F5: 27-363: P103(,osf=0.739,slf=0.847); P123(,osf=0.393,slf=0.825); P144(,osf=0.541,slf=0.688); P145(,osf=0.612,slf=0.871); P148(,osf=0.411,slf=0.639); P149(,osf=0.325,slf=0.603); P150(,osf=0.475,slf=0.317); P171(,osf=0.486,slf=0.531); P177(,osf=0.340,slf=0.621); P179(,osf=0.489,slf=0.711); P239(,osf=0.422,slf=0.462); P240(,osf=0.385,slf=0.409); P258(,osf=0.666,slf=0.352); P72(,osf=0.639,slf=0.456); P80(,osf=0.559,slf=0.624); P82(,osf=0.567,slf=0.737); P85(,osf=0.784,slf=0.538); P99(,osf=0.757,slf=0.452)
A6: 29 | B6: Dev29 | C6: Web | D6: Vue | E6: JavaScript | F6: 29-524: P106(,osf=0.303,slf=0.349); P262(,osf=0.819,slf=0.404)
A7: 33 | B7: Dev33 | D7: Android, CouchDB, iOS/iPadOS | E7: JavaScript | F7: SEM_HISTORICO_COMUM_COM_MEMBROS_DA_EQUIPE_NA_AMOSTRA
A8: 36 | B8: Dev36 | C8: Mobile | D8: Android | E8: Kotlin | F8: 36-181: P82(,osf=0.567,slf=0.737)
A9: 38 | B9: Dev38 | C9: Web | D9: iOS/iPadOS | F9: 38-225: P82(,osf=0.567,slf=0.737)
A10: 62 | B10: Dev62 | D10: MongoDB, iOS/iPadOS | F10: 62-415: P85(,osf=0.784,slf=0.538)
A11: 71 | B11: Dev71 | C11: IoT, Web | D11: iOS/iPadOS | E11: HTML, JavaScript, Python | F11: SEM_HISTORICO_COMUM_COM_MEMBROS_DA_EQUIPE_NA_AMOSTRA
A12: 81 | B12: Dev81 | C12: IoT | E12: JavaScript | F12: 81-104: P69(,osf=0.478,slf=0.301)
A13: 93 | B13: Dev93 | C13: Desktop | D13: .NET | E13: C# | F13: 93-270: P82(,osf=0.567,slf=0.737) | 93-292: P82(,osf=0.567,slf=0.737) | 93-437: P158(,osf=0.670,slf=0.322); P82(,osf=0.567,slf=0.737); P85(,osf=0.784,slf=0.538)
A14: 103 | B14: Dev103 | C14: Web | D14: Angular | E14: TypeScript | F14: 103-544: P82(,osf=0.567,slf=0.737); P85(,osf=0.784,slf=0.538)
A15: 104 | B15: Dev104 | C15: Mobile | D15: Android | E15: Kotlin | F15: 104-81: P69(,osf=0.478,slf=0.301)
A16: 115 | B16: Dev115 | C16: Web | D16: Node.js | E16: JavaScript | F16: SEM_HISTORICO_COMUM_COM_MEMBROS_DA_EQUIPE_NA_AMOSTRA
A17: 119 | B17: Dev119 | C17: Mobile | D17: iOS/iPadOS | E17: Swift | F17: 119-193: P82(,osf=0.567,slf=0.737) | 119-399: P82(,osf=0.567,slf=0.737)
A18: 142 | B18: Dev142 | C18: Mobile | D18: Android | E18: Kotlin | F18: 142-8: P104(,osf=0.636,slf=0.624); P175(,osf=0.716,slf=0.339); P205(,osf=0.588,slf=0.465); P92(,osf=0.849,slf=0.891) | 142-290: P175(,osf=0.716,slf=0.339); P205(,osf=0.588,slf=0.465); P242(,osf=0.558,slf=0.665); P253(,osf=0.540,slf=0.837); P71(,osf=0.523,slf=0.674); P79(,osf=0.323,slf=0.442); P82(,osf=0.567,slf=0.737); P85(,osf=0.784,slf=0.538); P92(,osf=0.849,slf=0.891)
A19: 143 | B19: Dev143 | C19: Cloud | D19: AWS Lambda | E19: Python | F19: 143-370: P68(,osf=0.644,slf=0.857)
A20: 145 | B20: Dev145 | C20: IoT, Web | D20: iOS/iPadOS | E20: JSON, JavaScript | F20: 145-263: P179(,osf=0.489,slf=0.711); P201(,osf=0.535,slf=0.596)
A21: 154 | B21: Dev154 | C21: Cloud | D21: AWS Lambda | E21: Python | F21: SEM_HISTORICO_COMUM_COM_MEMBROS_DA_EQUIPE_NA_AMOSTRA
A22: 169 | B22: Dev169 | C22: Web | D22: React | E22: JavaScript | F22: SEM_HISTORICO_COMUM_COM_MEMBROS_DA_EQUIPE_NA_AMOSTRA
A23: 174 | B23: Dev174 | C23: Web | D23: Vue | E23: JavaScript | F23: SEM_HISTORICO_COMUM_COM_MEMBROS_DA_EQUIPE_NA_AMOSTRA
A24: 181 | B24: Dev181 | C24: Cloud | D24: AWS Lambda | E24: Python | F24: 181-36: P82(,osf=0.567,slf=0.737)
... A78: 391 | B78: Dev391 | C78: Cloud | D78: AWS Lambda | E78: Python | F78: SEM_HISTORICO_COMUM_COM_MEMBROS_DA_EQUIPE_NA_AMOSTRA
A79: 152 | B79: Dev152 | C79: Web | D79: React | E79: JavaScript
A80: 465 | B80: Dev465 | C80: Web | D80: Spring Boot | E80: Java
A81: 362 | B81: Dev362 | C81: Web | D81: React | E81: JavaScript | F81: SEM_HISTORICO_COMUM_COM_MEMBROS_DA_EQUIPE_NA_AMOSTRA
A82: 242 | B82: Dev242 | C82: Web | D82: Node.js | E82: JavaScript | F82: SEM_HISTORICO_COMUM_COM_MEMBROS_DA_EQUIPE_NA_AMOSTRA
A83: 450 | B83: Dev450 | C83: Desktop | D83: .NET | E83: C# | F83: SEM_HISTORICO_COMUM_COM_MEMBROS_DA_EQUIPE_NA_AMOSTRA
A84: 161 | B84: Dev161 | C84: N/A | D84: N/A | E84: JavaScript | F84: SEM_HISTORICO_COMUM_COM_MEMBROS_DA_EQUIPE_NA_AMOSTRA | G84: Web | H84: React | I84: JavaScript | J84: 423-558: P85(,osf=0.784,slf=0.538)
A85: 354 | B85: Dev354 | C85: Web | D85: Node.js | E85: JavaScript | F85: SEM_HISTORICO_COMUM_COM_MEMBROS_DA_EQUIPE_NA_AMOSTRA
A86: 495 | B86: Dev495 | C86: Web | D86: Spring Boot | E86: Java | F86: SEM_HISTORICO_COMUM_COM_MEMBROS_DA_EQUIPE_NA_AMOSTRA
A87: 458 | B87: Dev458 | C87: Mobile | D87: iOS/iPadOS | E87: Swift | F87: SEM_HISTORICO_COMUM_COM_MEMBROS_DA_EQUIPE_NA_AMOSTRA
A88: 16 | B88: Dev16 | C88: N/A | D88: iOS/iPadOS | E88: N/A | F88: SEM_HISTORICO_COMUM_COM_MEMBROS_DA_EQUIPE_NA_AMOSTRA
A89: 463 | B89: Dev463 | C89: Web | D89: Vue | E89: JavaScript | F89: SEM_HISTORICO_COMUM_COM_MEMBROS_DA_EQUIPE_NA_AMOSTRA
A90: 65 | B90: Dev65 | C90: IoT;Web | D90: iOS/iPadOS | E90: C++;Java | F90: 65-261: P11(,osf=0.460,slf=0.781); P76(,osf=0.821,slf=0.637); P118(,osf=0.593,slf=0.504)
A91: 63 | B91: Dev63 | C91: IoT | D91: N/A | E91: Lua;Java | F91: SEM_HISTORICO_COMUM_COM_MEMBROS_DA_EQUIPE_NA_AMOSTRA
A92: 261 | B92: Dev261 | C92: Cloud | D92: AWS Lambda | E92: Python | F92: 261-65: P76(,osf=0.821,slf=0.637); P11(,osf=0.460,slf=0.781); P118(,osf=0.593,slf=0.504)
A93: 335 | B93: Dev335 | C93: Desktop | D93: .NET | E93: C# | F93: 335-508: P196(,osf=0.888,slf=0.339) | 335-193: P85(,osf=0.784,slf=0.538); P82(,osf=0.567,slf=0.737) | 335-36: P82(,osf=0.567,slf=0.737)
A94: 168 | B94: Dev168 | C94: Mobile | D94: Android | E94: Kotlin | F94: SEM_HISTORICO_COMUM_COM_MEMBROS_DA_EQUIPE_NA_AMOSTRA
A95: 568 | B95: Dev568 | C95: Web | D95: React | E95: JavaScript | F95: 568-463: P184(,osf=0.615,slf=0.450); P272(,osf=0.487,slf=0.637); P274(,osf=0.411,slf=0.591)
A96: 498 | B96: Dev498 | C96: Mobile | D96: Android | E96: Kotlin | F96: 498-463: P85(,osf=0.784,slf=0.538); P82(,osf=0.567,slf=0.737) | 498-7: P85(,osf=0.784,slf=0.538); P82(,osf=0.567,slf=0.737)
... A99: 291 | B99: Dev291 | C99: Desktop | D99: .NET | E99: C# | F99: 291-94: P82(,osf=0.567,slf=0.737)

Sheet Projetos
A1: projeto_id | B1: nome | C1: descricao_curta | D1: dominio_must | E1: dominio_should | F1: dominio_could | G1: ecossistema_must | H1: ecossistema_should | I1: ecossistema_could | J1: linguagens_must | K1: linguagens_should | L1: linguagens_could
A2: P_ | B2: <nome_do_projeto>
A3: P1 | B3: .NET Corporate Portal Maintainance | C3: Internal corporate portal in .NET, with both desktop and web components, critical for administrative routines. Objective: fix bugs, improve performance, and gradually modernize the front-end without disrupting operations. | D3: Desktop, Web | E3: Cloud | F3: Mobile | G3: .NET | H3: React | I3: MongoDB | J3: C# | K3: JavaScript, TypeScript | L3: Python
A4: P2 | B4: Hybrid Mobile App with Web Panel | C4: Mobile application for Android and iOS consuming an existing backend, with a simple web panel for support. Focus on UX, good cross-platform communication, and stable backend integration. | D4: Mobile | E4: Web | F4: Cloud | G4: Android, iOS/iPadOS | H4: React | I4: .NET | J4: Kotlin, Swift | K4: JavaScript, TypeScript | L4: Java, C#
A5: P3 | B5: Cloud IoT Sensor Platform | C5: Platform to collect IoT sensor data, process it in the cloud, and display it on a web dashboard. Focus on robust data ingestion, cloud processing, and minimal but functional visualization. | D5: IoT, Cloud | E5: Web | F5: Desktop | G5: AWS Lambda | H5: React, Angular, MongoDB | I5: Android | J5: Python, C++ | K5: JavaScript | L5: Java, TypeScript
A6: P4 | B6: Web Analytic Reports SaaS | C6: Web-based SaaS application for generating dashboards and analytical reports using MongoDB data. Emphasis on efficient queries, solid data modeling, and a clear visualization interface. | D6: Web | E6: Cloud | F6: Desktop | G6: MongoDB | H6: Angular, React | I6: AWS Lambda | J6: JavaScript | K6: TypeScript, Python | L6: Java, C#
A7: P5 | B7: Critical Web + Cloud Platform | C7: Mission-critical Web + Cloud system with a React front-end, serverless backend on AWS Lambda, and MongoDB database. Requires high reliability, testing, monitoring, and scalability. | D7: Web, Cloud | E7: Mobile | F7: Desktop | G7: React, AWS Lambda, MongoDB | H7: .NET | I7: Android | J7: JavaScript, TypeScript, Python | K7: C#, Java | L7: Kotlin, Swift
A8: P6 | B8: Critical Embedded Hardware Platform | C8: Development of an electronic board (PCB) and embedded firmware for a mission-critical device. Includes board design, prototyping, bring-up, drivers, sensor reading/actuator control, bench testing, and validation. | D8: Hardware, Embedded | E8: IoT | F8: Cloud | G8: PCB, Desenvolvimento de Placa | H8: Eletrônica (circuitos lógicos e analógicos) | I8: Instrumentação (osciloscópio, analisador lógico), Prototipação | J8: C | K8: C++ (se tiver firmware mais complexo) | L8: Python (scripts de teste/automação de bancada)

Sheet Ranking_Expert
A1: projeto_id | B1: projeto e requisitos | C1: equipe_id | D1: dev1 | E1: dev2 | F1: dev3 | G1: dev4 | H1: rank_expert | I1: nota_global | J1: observações | K1: team_match_summary | L1: DOM_M | M1: DOM_S | N1: DOM_C | O1: ECO_M | P1: ECO_S | Q1: ECO_C | R1: LING_M | S1: LING_S | T1: LING_C | U1: MUST_OK | V1: FALTAS_MUST | W1: TOTAL_FALTAS_MUST | X1: note_dev1 | Y1: note_dev2 | Z1: note_dev3 | AA1: note_dev4
A2: P1 | B2: =IFERROR(VLOOKUP(A2,Projetos!$A$2:$C$7,2,FALSE),"") -> .NET Corporate Portal Maintainance | C2: P1-TEAM0 | D2: Dev169 | E2: Dev27 | F2: Dev81 | G2: Dev363 | H2: 3 | I2: 4 | K2: DOM M(1/2)[web] S(0/1)[] C(1/1)[mobile] | ECO M(0/1)[] S(1/1)[react] C(0/1)[] | LING M(0/1)[] S(1/2)[javascript] C(0/1)[] | L2: =IFERROR(__xludf.DUMMYFUNCTION("IFERROR(REGEXEXTRACT($K2,""DOM\s*M\((\d+/\d+)\)""),"""") "),"1/2") -> 1/2 | M2: =IFERROR(__xludf.DUMMYFUNCTION("IFERROR(REGEXEXTRACT($K2,""DOM.*?S\((\d+/\d+)\)""),"""") "),"0/1") -> 0/1 | N2: =IFERROR(__xludf.DUMMYFUNCTION("IFERROR(REGEXEXTRACT($K2,""DOM.*?C\((\d+/\d+)\)""),"""") "),"1/1") -> 1/1 | O2: =IFERROR(__xludf.DUMMYFUNCTION("IFERROR(REGEXEXTRACT($K2,""ECO\s*M\((\d+/\d+)\)""),"""") "),"0/1") -> 0/1 | P2: =IFERROR(__xludf.DUMMYFUNCTION("IFERROR(REGEXEXTRACT($K2,""ECO.*?S\((\d+/\d+)\)""),"""") "),"1/1") -> 1/1 | Q2: =IFERROR(__xludf.DUMMYFUNCTION("IFERROR(REGEXEXTRACT($K2,""ECO.*?C\((\d+/\d+)\)""),"""") "),"0/1") -> 0/1 | R2: =IFERROR(__xludf.DUMMYFUNCTION("IFERROR(REGEXEXTRACT($K2,""LING\s*M\((\d+/\d+)\)""),"""") "),"0/1") -> 0/1 | S2: =IFERROR(__xludf.DUMMYFUNCTION("IFERROR(REGEXEXTRACT($K2,""LING.*?S\((\d+/\d+)\)""),"""") "),"1/2") -> 1/2 | T2: =IFERROR(__xludf.DUMMYFUNCTION("IFERROR(REGEXEXTRACT($K2,""LING[^|]*C\(([0-9]+/[0-9]+)\)""),"""") "),"0/1") -> 0/1 | U2: =IFERROR(__xludf.DUMMYFUNCTION("AND( VALUE(INDEX(SPLIT(L2,""/""),1))=VALUE(INDEX(SPLIT(L2,""/""),2)), VALUE(INDEX(SPLIT(O2,""/""),1))=VALUE(INDEX(SPLIT(O2,""/""),2)), VALUE(INDEX(SPLIT(R2,""/""),1))=VALUE(INDEX(SPLIT(R2,""/""),2)) ) "),FALSE) -> FALSE | V2: =IFERROR(__xludf.DUMMYFUNCTION("IF($U2=TRUE,""OK"", TEXTJOIN("" | "",TRUE, IF(VALUE(INDEX(SPLIT($L2,""/""),2))-VALUE(INDEX(SPLIT($L2,""/""),1))>0, ""DOM faltam ""&(VALUE(INDEX(SPLIT($L2,""/""),2))-VALUE(INDEX(SPLIT($L2,""/""),1))), """"), IF(VALUE(INDEX(SPLIT($O2,""/""),2))-V"&"ALUE(INDEX(SPLIT($O2,""/""),1))>0, ""ECO faltam ""&(VALUE(INDEX(SPLIT($O2,""/""),2))-VALUE(INDEX(SPLIT($O2,""/""),1))), """"), IF(VALUE(INDEX(SPLIT($R2,""/""),2))-VALUE(INDEX(SPLIT($R2,""/""),1))>0, ""LING faltam ""&(VALUE(INDEX(SPLIT($R2,""/"&"""),2))-VALUE(INDEX(SPLIT($R2,""/""),1))), """") ) ) "),"DOM faltam 1 | ECO faltam 1 | LING faltam 1") -> DOM faltam 1 | ECO faltam 1 | LING faltam 1 | W2: =IFERROR(__xludf.DUMMYFUNCTION(" (VALUE(INDEX(SPLIT(L2,""/""),2))-VALUE(INDEX(SPLIT(L2,""/""),1))) + (VALUE(INDEX(SPLIT(O2,""/""),2))-VALUE(INDEX(SPLIT(O2,""/""),1))) + (VALUE(INDEX(SPLIT(R2,""/""),2))-VALUE(INDEX(SPLIT(R2,""/""),1))) "),3.0) -> 3 | X2: Domínio: Web Ecossistema: React Linguagens: JavaScript Match (requisitos do projeto): DOM: M (1/2)[web] S (0/1)[] C (0/1)[] ECO: M (0/1)[] S (1/1)[react] C (0/1)[] LING: M (0/1)[] S (1/2)[javascript] C (0/1)[] Colaboração (somente com membros desta equipe): 169-27: SEM_COMUM 169-81: SEM_COMUM 169-363: SEM_COMUM | Y2: Domínio: Web Ecossistema: nan Linguagens: JavaScript Match (requisitos do projeto): DOM: M (1/2)[web] S (0/1)[] C (0/1)[] ECO: M (0/1)[] S (0/1)[] C (0/1)[] LING: M (0/1)[] S (1/2)[javascript] C (0/1)[] Colaboração (somente com membros desta equipe): 27-81: SEM_COMUM 27-169: SEM_COMUM 27-363: P103(,osf=0.739,slf=0.847); P123(,osf=0.393,slf=0.825); P144(,osf=0.541,slf=0.688); P145(,osf=0.612,slf=0.871); P148(,osf=0.411,slf=0.639); P149(,osf=0.325,slf=0.603); P150(,osf=0.475,slf=0.317); P171(,osf=0.486,slf=0.531); P177(,osf=0.340,slf=0.621); P179(,osf=0.489,slf=0.711); P239(,osf=0.422,slf=0.462); P240(,osf=0.385,slf=0.409); P258(,osf=0.666,slf=0.352); P72(,osf=0.639,slf=0.456); P80(,osf=0.559,slf=0.624); P82(,osf=0.567,slf=0.737); P85(,osf=0.784,slf=0.538); P99(,osf=0.757,slf=0.452) | Z2: Domínio: IoT Ecossistema: nan Linguagens: JavaScript Match (requisitos do projeto): DOM: M (0/2)[] S (0/1)[] C (0/1)[] ECO: M (0/1)[] S (0/1)[] C (0/1)[] LING: M (0/1)[] S (1/2)[javascript] C (0/1)[] Colaboração (somente com membros desta equipe): 81-27: SEM_COMUM 81-169: SEM_COMUM 81-363: SEM_COMUM | AA2: Domínio: Mobile Ecossistema: iOS/iPadOS Linguagens: Swift Match (requisitos do projeto): DOM: M (0/2)[] S (0/1)[] C (1/1)[mobile] ECO: M (0/1)[] S (0/1)[] C (0/1)[] LING: M (0/1)[] S (0/2)[] C (0/1)[] Colaboração (somente com membros desta equipe): 363-27: P103(,osf=0.739,slf=0.847); P123(,osf=0.393,slf=0.825); P144(,osf=0.541,slf=0.688); P145(,osf=0.612,slf=0.871); P148(,osf=0.411,slf=0.639); P149(,osf=0.325,slf=0.603); P150(,osf=0.475,slf=0.317); P171(,osf=0.486,slf=0.531); P177(,osf=0.340,slf=0.621); P179(,osf=0.489,slf=0.711); P239(,osf=0.422,slf=0.462); P240(,osf=0.385,slf=0.409); P258(,osf=0.666,slf=0.352); P72(,osf=0.639,slf=0.456); P80(,osf=0.559,slf=0.624); P82(,osf=0.567,slf=0.737); P85(,osf=0.784,slf=0.538); P99(,osf=0.757,slf=0.452) | 363-447: P123(,osf=0.393,slf=0.825); P144(,osf=0.541,slf=0.688); P145(,osf=0.612,slf=0.871); P148(,osf=0.411,slf=0.639); P149(,osf=0.325,slf=0.603); P150(,osf=0.475,slf=0.317); P171(,osf=0.486,slf=0.531); P177(,osf=0.340,slf=0.621); P179(,osf=0.489,slf=0.711); P214(,osf=0.335,slf=0.820); P239(,osf=0.422,slf=0.462); P240(,osf=0.385,slf=0.409); P258(,osf=0.666,slf=0.352); P82(,osf=0.567,slf=0.737); P85(,osf=0.784,slf=0.538) | 363-544: P123(,osf=0.393,slf=0.825); P144(,osf=0.541,slf=0.688); P145(,osf=0.612,slf=0.871); P148(,osf=0.411,slf=0.639); P149(,osf=0.325,slf=0.603); P150(,osf=0.475,slf=0.317); P171(,osf=0.486,slf=0.531); P177(,osf=0.340,slf=0.621); P179(,osf=0.489,slf=0.711); P239(,osf=0.422,slf=0.462); P240(,osf=0.385,slf=0.409); P258(,osf=0.666,slf=0.352); P82(,osf=0.567,slf=0.737); P85(,osf=0.784,slf=0.538) 363-81: SEM_COMUM 363-169: SEM_COMUM
B3: =IFERROR( "DOM M["&VLOOKUP($A2,Projetos!$A:$L,4,FALSE)&"] S["&VLOOKUP($A2,Projetos!$A:$L,5,FALSE)&"] C["&VLOOKUP($A2,Projetos!$A:$L,6,FALSE)&"]"&CHAR(10)& "ECO M["&VLOOKUP($A2,Projetos!$A:$L,7,FALSE)&"] S["&VLOOKUP($A2,Projetos!$A:$L,8,FALSE)&"] C["&VLOOKUP($A2,Projetos!$A:$L,9,FALSE)&"]"&CHAR(10)& "LING M["&VLOOKUP($A2,Projetos!$A:$L,10,FALSE)&"] S["&VLOOKUP($A2,Projetos!$A:$L,11,FALSE)&"] C["&VLOOKUP($A2,Projetos!$A:$L,12,FALSE)&"]" ,"") -> DOM M[Desktop, Web] S[Cloud] C[Mobile] ECO M[.NET] S[React] C[MongoDB] LING M[C#] S[JavaScript, TypeScript] C[Python] | C3: P1-TEAM1 | D3: Dev71 | E3: Dev518 | F3: Dev509 | G3: Dev439 | H3: 4 | I3: 5 | K3: DOM M(1/2)[web] S(0/1)[] C(0/1)[] | ECO M(0/1)[] S(1/1)[react] C(0/1)[] | LING M(0/1)[] S(2/2)[javascript, typescript] C(1/1)[python] | L3: =IFERROR(__xludf.DUMMYFUNCTION("IFERROR(REGEXEXTRACT($K3,""DOM\s*M\((\d+/\d+)\)""),"""") "),"1/2") -> 1/2 | M3: =IFERROR(__xludf.DUMMYFUNCTION("IFERROR(REGEXEXTRACT($K3,""DOM.*?S\((\d+/\d+)\)""),"""") "),"0/1") -> 0/1 | N3: =IFERROR(__xludf.DUMMYFUNCTION("IFERROR(REGEXEXTRACT($K3,""DOM.*?C\((\d+/\d+)\)""),"""") "),"0/1") -> 0/1 | O3: =IFERROR(__xludf.DUMMYFUNCTION("IFERROR(REGEXEXTRACT($K3,""ECO\s*M\((\d+/\d+)\)""),"""") "),"0/1") -> 0/1 | P3: =IFERROR(__xludf.DUMMYFUNCTION("IFERROR(REGEXEXTRACT($K3,""ECO.*?S\((\d+/\d+)\)""),"""") "),"1/1") -> 1/1 | Q3: =IFERROR(__xludf.DUMMYFUNCTION("IFERROR(REGEXEXTRACT($K3,""ECO.*?C\((\d+/\d+)\)""),"""") "),"0/1") -> 0/1 | R3: =IFERROR(__xludf.DUMMYFUNCTION("IFERROR(REGEXEXTRACT($K3,""LING\s*M\((\d+/\d+)\)""),"""") "),"0/1") -> 0/1 | S3: =IFERROR(__xludf.DUMMYFUNCTION("IFERROR(REGEXEXTRACT($K3,""LING.*?S\((\d+/\d+)\)""),"""") "),"2/2") -> 2/2 | T3: =IFERROR(__xludf.DUMMYFUNCTION("IFERROR(REGEXEXTRACT($K3,""LING[^|]*C\(([0-9]+/[0-9]+)\)""),"""") "),"1/1") -> 1/1 | U3: =IFERROR(__xludf.DUMMYFUNCTION("AND( VALUE(INDEX(SPLIT(L3,""/""),1))=VALUE(INDEX(SPLIT(L3,""/""),2)), VALUE(INDEX(SPLIT(O3,""/""),1))=VALUE(INDEX(SPLIT(O3,""/""),2)), VALUE(INDEX(SPLIT(R3,""/""),1))=VALUE(INDEX(SPLIT(R3,""/""),2)) ) "),FALSE) -> FALSE | V3: =IFERROR(__xludf.DUMMYFUNCTION("IF($U3=TRUE,""OK"", TEXTJOIN("" | "",TRUE, IF(VALUE(INDEX(SPLIT($L3,""/""),2))-VALUE(INDEX(SPLIT($L3,""/""),1))>0, ""DOM faltam ""&(VALUE(INDEX(SPLIT($L3,""/""),2))-VALUE(INDEX(SPLIT($L3,""/""),1))), """"), IF(VALUE(INDEX(SPLIT($O3,""/""),2))-V"&"ALUE(INDEX(SPLIT($O3,""/""),1))>0, ""ECO faltam ""&(VALUE(INDEX(SPLIT($O3,""/""),2))-VALUE(INDEX(SPLIT($O3,""/""),1))), """"), IF(VALUE(INDEX(SPLIT($R3,""/""),2))-VALUE(INDEX(SPLIT($R3,""/""),1))>0, ""LING faltam ""&(VALUE(INDEX(SPLIT($R3,""/"&"""),2))-VALUE(INDEX(SPLIT($R3,""/""),1))), """") ) ) "),"DOM faltam 1 | ECO faltam 1 | LING faltam 1") -> DOM faltam 1 | ECO faltam 1 | LING faltam 1 | W3: =IFERROR(__xludf.DUMMYFUNCTION(" (VALUE(INDEX(SPLIT(L3,""/""),2))-VALUE(INDEX(SPLIT(L3,""/""),1))) + (VALUE(INDEX(SPLIT(O3,""/""),2))-VALUE(INDEX(SPLIT(O3,""/""),1))) + (VALUE(INDEX(SPLIT(R3,""/""),2))-VALUE(INDEX(SPLIT(R3,""/""),1))) "),3.0) -> 3
C4: P1-TEAM2 | D4: Dev205 | E4: Dev526 | F4: Dev363 | G4: Dev447 | H4: 4 | I4: 5 | K4: DOM M(1/2)[web] S(0/1)[] C(1/1)[mobile] | ECO M(0/1)[] S(1/1)[react] C(0/1)[] | LING M(0/1)[] S(1/2)[javascript] C(0/1)[] | L4: =IFERROR(__xludf.DUMMYFUNCTION("IFERROR(REGEXEXTRACT($K4,""DOM\s*M\((\d+/\d+)\)""),"""") "),"1/2") -> 1/2 | M4: =IFERROR(__xludf.DUMMYFUNCTION("IFERROR(REGEXEXTRACT($K4,""DOM.*?S\((\d+/\d+)\)""),"""") "),"0/1") -> 0/1 | N4: =IFERROR(__xludf.DUMMYFUNCTION("IFERROR(REGEXEXTRACT($K4,""DOM.*?C\((\d+/\d+)\)""),"""") "),"1/1") -> 1/1 | O4: =IFERROR(__xludf.DUMMYFUNCTION("IFERROR(REGEXEXTRACT($K4,""ECO\s*M\((\d+/\d+)\)""),"""") "),"0/1") -> 0/1 | P4: =IFERROR(__xludf.DUMMYFUNCTION("IFERROR(REGEXEXTRACT($K4,""ECO.*?S\((\d+/\d+)\)""),"""") "),"1/1") -> 1/1 | Q4: =IFERROR(__xludf.DUMMYFUNCTION("IFERROR(REGEXEXTRACT($K4,""ECO.*?C\((\d+/\d+)\)""),"""") "),"0/1") -> 0/1 | R4: =IFERROR(__xludf.DUMMYFUNCTION("IFERROR(REGEXEXTRACT($K4,""LING\s*M\((\d+/\d+)\)""),"""") "),"0/1") -> 0/1 | S4: =IFERROR(__xludf.DUMMYFUNCTION("IFERROR(REGEXEXTRACT($K4,""LING.*?S\((\d+/\d+)\)""),"""") "),"1/2") -> 1/2 | T4: =IFERROR(__xludf.DUMMYFUNCTION("IFERROR(REGEXEXTRACT($K4,""LING[^|]*C\(([0-9]+/[0-9]+)\)""),"""") "),"0/1") -> 0/1 | U4: =IFERROR(__xludf.DUMMYFUNCTION("AND( VALUE(INDEX(SPLIT(L4,""/""),1))=VALUE(INDEX(SPLIT(L4,""/""),2)), VALUE(INDEX(SPLIT(O4,""/""),1))=VALUE(INDEX(SPLIT(O4,""/""),2)), VALUE(INDEX(SPLIT(R4,""/""),1))=VALUE(INDEX(SPLIT(R4,""/""),2)) ) "),FALSE) -> FALSE | V4: =IFERROR(__xludf.DUMMYFUNCTION("IF($U4=TRUE,""OK"", TEXTJOIN("" | "",TRUE, IF(VALUE(INDEX(SPLIT($L4,""/""),2))-VALUE(INDEX(SPLIT($L4,""/""),1))>0, ""DOM faltam ""&(VALUE(INDEX(SPLIT($L4,""/""),2))-VALUE(INDEX(SPLIT($L4,""/""),1))), """"), IF(VALUE(INDEX(SPLIT($O4,""/""),2))-V"&"ALUE(INDEX(SPLIT($O4,""/""),1))>0, ""ECO faltam ""&(VALUE(INDEX(SPLIT($O4,""/""),2))-VALUE(INDEX(SPLIT($O4,""/""),1))), """"), IF(VALUE(INDEX(SPLIT($R4,""/""),2))-VALUE(INDEX(SPLIT($R4,""/""),1))>0, ""LING faltam ""&(VALUE(INDEX(SPLIT($R4,""/"&"""),2))-VALUE(INDEX(SPLIT($R4,""/""),1))), """") ) ) "),"DOM faltam 1 | ECO faltam 1 | LING faltam 1") -> DOM faltam 1 | ECO faltam 1 | LING faltam 1 | W4: =IFERROR(__xludf.DUMMYFUNCTION(" (VALUE(INDEX(SPLIT(L4,""/""),2))-VALUE(INDEX(SPLIT(L4,""/""),1))) + (VALUE(INDEX(SPLIT(O4,""/""),2))-VALUE(INDEX(SPLIT(O4,""/""),1))) + (VALUE(INDEX(SPLIT(R4,""/""),2))-VALUE(INDEX(SPLIT(R4,""/""),1))) "),3.0) -> 3 | X4: Domínio: Mobile Ecossistema: Android Linguagens: Kotlin Match (requisitos do projeto): DOM: M (0/2)[] S (0/1)[] C (1/1)[mobile] ECO: M (0/1)[] S (0/1)[] C (0/1)[] LING: M (0/1)[] S (0/2)[] C (0/1)[] Colaboração (somente com membros desta equipe): 205-363: SEM_COMUM 205-447: SEM_COMUM 205-526: P139(,osf=0.325,slf=0.436) | Y4: Domínio: Web Ecossistema: React Linguagens: JavaScript Match (requisitos do projeto): DOM: M (1/2)[web] S (0/1)[] C (0/1)[] ECO: M (0/1)[] S (1/1)[react] C (0/1)[] LING: M (0/1)[] S (1/2)[javascript] C (0/1)[] Colaboração (somente com membros desta equipe): 526-205: P139(,osf=0.325,slf=0.436) 526-363: SEM_COMUM 526-447: SEM_COMUM | Z4: Domínio: Mobile Ecossistema: iOS/iPadOS Linguagens: Swift Match (requisitos do projeto): DOM: M (0/2)[] S (0/1)[] C (1/1)[mobile] ECO: M (0/1)[] S (0/1)[] C (0/1)[] LING: M (0/1)[] S (0/2)[] C (0/1)[] Colaboração (somente com membros desta equipe): 363-205: SEM_COMUM 363-447: SEM_COMUM 363-526: SEM_COMUM | AA4: Domínio: Mobile Ecossistema: iOS/iPadOS Linguagens: Swift Match (requisitos do projeto): DOM: M (0/2)[] S (0/1)[] C (1/1)[mobile] ECO: M (0/1)[] S (0/1)[] C (0/1)[] LING: M (0/1)[] S (0/2)[] C (0/1)[] Colaboração (somente com membros desta equipe): 447-205: SEM_COMUM 447-363: P123(,osf=0.393,slf=0.825); P144(,osf=0.541,slf=0.688); P145(,osf=0.612,slf=0.871); P148(,osf=0.411,slf=0.639); P149(,osf=0.325,slf=0.603); P150(,osf=0.475,slf=0.317); P171(,osf=0.486,slf=0.531); P177(,osf=0.340,slf=0.621); P179(,osf=0.489,slf=0.711); P214(,osf=0.335,slf=0.820); P239(,osf=0.422,slf=0.462); P240(,osf=0.385,slf=0.409); P258(,osf=0.666,slf=0.352); P82(,osf=0.567,slf=0.737); P85(,osf=0.784,slf=0.538) 447-526: SEM_COMUM
C5: P1-TEAM3 | D5: Dev33 | E5: Dev303 | F5: Dev270 | G5: Dev93 | H5: 2 | I5: 3 | K5: DOM M(2/2)[desktop, web] S(0/1)[] C(0/1)[] | ECO M(1/1)[.net] S(0/1)[] C(0/1)[] | LING M(1/1)[c#] S(2/2)[javascript, typescript] C(0/1)[] | L5: =IFERROR(__xludf.DUMMYFUNCTION("IFERROR(REGEXEXTRACT($K5,""DOM\s*M\((\d+/\d+)\)""),"""") "),"2/2") -> 2/2 | M5: =IFERROR(__xludf.DUMMYFUNCTION("IFERROR(REGEXEXTRACT($K5,""DOM.*?S\((\d+/\d+)\)""),"""") "),"0/1") -> 0/1 | N5: =IFERROR(__xludf.DUMMYFUNCTION("IFERROR(REGEXEXTRACT($K5,""DOM.*?C\((\d+/\d+)\)""),"""") "),"0/1") -> 0/1 | O5: =IFERROR(__xludf.DUMMYFUNCTION("IFERROR(REGEXEXTRACT($K5,""ECO\s*M\((\d+/\d+)\)""),"""") "),"1/1") -> 1/1 | P5: =IFERROR(__xludf.DUMMYFUNCTION("IFERROR(REGEXEXTRACT($K5,""ECO.*?S\((\d+/\d+)\)""),"""") "),"0/1") -> 0/1 | Q5: =IFERROR(__xludf.DUMMYFUNCTION("IFERROR(REGEXEXTRACT($K5,""ECO.*?C\((\d+/\d+)\)""),"""") "),"0/1") -> 0/1 | R5: =IFERROR(__xludf.DUMMYFUNCTION("IFERROR(REGEXEXTRACT($K5,""LING\s*M\((\d+/\d+)\)""),"""") "),"1/1") -> 1/1 | S5: =IFERROR(__xludf.DUMMYFUNCTION("IFERROR(REGEXEXTRACT($K5,""LING.*?S\((\d+/\d+)\)""),"""") "),"2/2") -> 2/2 | T5: =IFERROR(__xludf.DUMMYFUNCTION("IFERROR(REGEXEXTRACT($K5,""LING[^|]*C\(([0-9]+/[0-9]+)\)""),"""") "),"0/1") -> 0/1 | U5: =IFERROR(__xludf.DUMMYFUNCTION("AND( VALUE(INDEX(SPLIT(L5,""/""),1))=VALUE(INDEX(SPLIT(L5,""/""),2)), VALUE(INDEX(SPLIT(O5,""/""),1))=VALUE(INDEX(SPLIT(O5,""/""),2)), VALUE(INDEX(SPLIT(R5,""/""),1))=VALUE(INDEX(SPLIT(R5,""/""),2)) ) "),TRUE) -> TRUE | V5: =IFERROR(__xludf.DUMMYFUNCTION("IF($U5=TRUE,""OK"", TEXTJOIN("" | "",TRUE, IF(VALUE(INDEX(SPLIT($L5,""/""),2))-VALUE(INDEX(SPLIT($L5,""/""),1))>0, ""DOM faltam ""&(VALUE(INDEX(SPLIT($L5,""/""),2))-VALUE(INDEX(SPLIT($L5,""/""),1))), """"), IF(VALUE(INDEX(SPLIT($O5,""/""),2))-V"&"ALUE(INDEX(SPLIT($O5,""/""),1))>0, ""ECO faltam ""&(VALUE(INDEX(SPLIT($O5,""/""),2))-VALUE(INDEX(SPLIT($O5,""/""),1))), """"), IF(VALUE(INDEX(SPLIT($R5,""/""),2))-VALUE(INDEX(SPLIT($R5,""/""),1))>0, ""LING faltam ""&(VALUE(INDEX(SPLIT($R5,""/"&"""),2))-VALUE(INDEX(SPLIT($R5,""/""),1))), """") ) ) "),"OK") -> OK | W5: =IFERROR(__xludf.DUMMYFUNCTION(" (VALUE(INDEX(SPLIT(L5,""/""),2))-VALUE(INDEX(SPLIT(L5,""/""),1))) + (VALUE(INDEX(SPLIT(O5,""/""),2))-VALUE(INDEX(SPLIT(O5,""/""),1))) + (VALUE(INDEX(SPLIT(R5,""/""),2))-VALUE(INDEX(SPLIT(R5,""/""),1))) "),0.0) -> 0 | X5: Domínio: nan Ecossistema: Android, CouchDB, iOS/iPadOS Linguagens: JavaScript Match (requisitos do projeto): DOM: M (0/2)[] S (0/1)[] C (0/1)[] ECO: M (0/1)[] S (0/1)[] C (0/1)[] LING: M (0/1)[] S (1/2)[javascript] C (0/1)[] Colaboração (somente com membros desta equipe): 33-93: SEM_COMUM 33-270: SEM_COMUM 33-303: SEM_COMUM | Y5: Domínio: Desktop Ecossistema: .NET Linguagens: C# Match (requisitos do projeto): DOM: M (1/2)[desktop] S (0/1)[] C (0/1)[] ECO: M (1/1)[.net] S (0/1)[] C (0/1)[] LING: M (1/1)[c#] S (0/2)[] C (0/1)[] Colaboração (somente com membros desta equipe): 303-33: SEM_COMUM 303-93: SEM_COMUM 303-270: SEM_COMUM | Z5: Domínio: Web Ecossistema: Angular Linguagens: TypeScript Match (requisitos do projeto): DOM: M (1/2)[web] S (0/1)[] C (0/1)[] ECO: M (0/1)[] S (0/1)[] C (0/1)[] LING: M (0/1)[] S (1/2)[typescript] C (0/1)[] Colaboração (somente com membros desta equipe): 270-33: SEM_COMUM 270-93: P82(,osf=0.567,slf=0.737) | 270-411: P82(,osf=0.567,slf=0.737) | 270-438: P82(,osf=0.567,slf=0.737) 270-303: SEM_COMUM | AA5: Domínio: Desktop Ecossistema: .NET Linguagens: C# Match (requisitos do projeto): DOM: M (1/2)[desktop] S (0/1)[] C (0/1)[] ECO: M (1/1)[.net] S (0/1)[] C (0/1)[] LING: M (1/1)[c#] S (0/2)[] C (0/1)[] Colaboração (somente com membros desta equipe): 93-33: SEM_COMUM 93-270: P82(,osf=0.567,slf=0.737) | 93-292: P82(,osf=0.567,slf=0.737) | 93-437: P158(,osf=0.670,slf=0.322); P82(,osf=0.567,slf=0.737); P85(,osf=0.784,slf=0.538) 93-303: SEM_COMUM
C6: P1-TEAM4 | D6: Dev316 | E6: Dev389 | F6: Dev526 | G6: Dev308 | H6: 2 | I6: 3 | K6: DOM M(1/2)[web] S(0/1)[] C(1/1)[mobile] | ECO M(0/1)[] S(1/1)[react] C(0/1)[] | LING M(0/1)[] S(1/2)[javascript] C(0/1)[] | L6: =IFERROR(__xludf.DUMMYFUNCTION("IFERROR(REGEXEXTRACT($K6,""DOM\s*M\((\d+/\d+)\)""),"""") "),"1/2") -> 1/2 | M6: =IFERROR(__xludf.DUMMYFUNCTION("IFERROR(REGEXEXTRACT($K6,""DOM.*?S\((\d+/\d+)\)""),"""") "),"0/1") -> 0/1 | N6: =IFERROR(__xludf.DUMMYFUNCTION("IFERROR(REGEXEXTRACT($K6,""DOM.*?C\((\d+/\d+)\)""),"""") "),"1/1") -> 1/1 | O6: =IFERROR(__xludf.DUMMYFUNCTION("IFERROR(REGEXEXTRACT($K6,""ECO\s*M\((\d+/\d+)\)""),"""") "),"0/1") -> 0/1 | P6: =IFERROR(__xludf.DUMMYFUNCTION("IFERROR(REGEXEXTRACT($K6,""ECO.*?S\((\d+/\d+)\)""),"""") "),"1/1") -> 1/1 | Q6: =IFERROR(__xludf.DUMMYFUNCTION("IFERROR(REGEXEXTRACT($K6,""ECO.*?C\((\d+/\d+)\)""),"""") "),"0/1") -> 0/1 | R6: =IFERROR(__xludf.DUMMYFUNCTION("IFERROR(REGEXEXTRACT($K6,""LING\s*M\((\d+/\d+)\)""),"""") "),"0/1") -> 0/1 | S6: =IFERROR(__xludf.DUMMYFUNCTION("IFERROR(REGEXEXTRACT($K6,""LING.*?S\((\d+/\d+)\)""),"""") "),"1/2") -> 1/2 | T6: =IFERROR(__xludf.DUMMYFUNCTION("IFERROR(REGEXEXTRACT($K6,""LING[^|]*C\(([0-9]+/[0-9]+)\)""),"""") "),"0/1") -> 0/1 | U6: =IFERROR(__xludf.DUMMYFUNCTION("AND( VALUE(INDEX(SPLIT(L6,""/""),1))=VALUE(INDEX(SPLIT(L6,""/""),2)), VALUE(INDEX(SPLIT(O6,""/""),1))=VALUE(INDEX(SPLIT(O6,""/""),2)), VALUE(INDEX(SPLIT(R6,""/""),1))=VALUE(INDEX(SPLIT(R6,""/""),2)) ) "),FALSE) -> FALSE | V6: =IFERROR(__xludf.DUMMYFUNCTION("IF($U6=TRUE,""OK"", TEXTJOIN("" | "",TRUE, IF(VALUE(INDEX(SPLIT($L6,""/""),2))-VALUE(INDEX(SPLIT($L6,""/""),1))>0, ""DOM faltam ""&(VALUE(INDEX(SPLIT($L6,""/""),2))-VALUE(INDEX(SPLIT($L6,""/""),1))), """"), IF(VALUE(INDEX(SPLIT($O6,""/""),2))-V"&"ALUE(INDEX(SPLIT($O6,""/""),1))>0, ""ECO faltam ""&(VALUE(INDEX(SPLIT($O6,""/""),2))-VALUE(INDEX(SPLIT($O6,""/""),1))), """"), IF(VALUE(INDEX(SPLIT($R6,""/""),2))-VALUE(INDEX(SPLIT($R6,""/""),1))>0, ""LING faltam ""&(VALUE(INDEX(SPLIT($R6,""/"&"""),2))-VALUE(INDEX(SPLIT($R6,""/""),1))), """") ) ) "),"DOM faltam 1 | ECO faltam 1 | LING faltam 1") -> DOM faltam 1 | ECO faltam 1 | LING faltam 1 | W6: =IFERROR(__xludf.DUMMYFUNCTION(" (VALUE(INDEX(SPLIT(L6,""/""),2))-VALUE(INDEX(SPLIT(L6,""/""),1))) + (VALUE(INDEX(SPLIT(O6,""/""),2))-VALUE(INDEX(SPLIT(O6,""/""),1))) + (VALUE(INDEX(SPLIT(R6,""/""),2))-VALUE(INDEX(SPLIT(R6,""/""),1))) "),3.0) -> 3 | X6: Domínio: Web Ecossistema: Node.js Linguagens: JavaScript Match (requisitos do projeto): DOM: M (1/2)[web] S (0/1)[] C (0/1)[] ECO: M (0/1)[] S (0/1)[] C (0/1)[] LING: M (0/1)[] S (1/2)[javascript] C (0/1)[] Colaboração (somente com membros desta equipe): 316-308: SEM_COMUM 316-389: SEM_COMUM 316-526: SEM_COMUM | Y6: Domínio: Mobile Ecossistema: Android Linguagens: Kotlin Match (requisitos do projeto): DOM: M (0/2)[] S (0/1)[] C (1/1)[mobile] ECO: M (0/1)[] S (0/1)[] C (0/1)[] LING: M (0/1)[] S (0/2)[] C (0/1)[] Colaboração (somente com membros desta equipe): 389-308: SEM_COMUM 389-316: SEM_COMUM 389-526: SEM_COMUM | Z6: Domínio: Web Ecossistema: React Linguagens: JavaScript Match (requisitos do projeto): DOM: M (1/2)[web] S (0/1)[] C (0/1)[] ECO: M (0/1)[] S (1/1)[react] C (0/1)[] LING: M (0/1)[] S (1/2)[javascript] C (0/1)[] Colaboração (somente com membros desta equipe): 526-308: SEM_COMUM 526-316: SEM_COMUM 526-389: SEM_COMUM | AA6: Domínio: Web Ecossistema: React Linguagens: JavaScript Match (requisitos do projeto): DOM: M (1/2)[web] S (0/1)[] C (0/1)[] ECO: M (0/1)[] S (1/1)[react] C (0/1)[] LING: M (0/1)[] S (1/2)[javascript] C (0/1)[] Colaboração (somente com membros desta equipe): 308-316: SEM_COMUM 308-389: SEM_COMUM 308-526: SEM_COMUM
L7: =IFERROR(__xludf.DUMMYFUNCTION("IFERROR(REGEXEXTRACT($K7,""DOM\s*M\((\d+/\d+)\)""),"""") "),"") | M7: =IFERROR(__xludf.DUMMYFUNCTION("IFERROR(REGEXEXTRACT($K7,""DOM.*?S\((\d+/\d+)\)""),"""") "),"") | N7: =IFERROR(__xludf.DUMMYFUNCTION("IFERROR(REGEXEXTRACT($K7,""DOM.*?C\((\d+/\d+)\)""),"""") "),"") | O7: =IFERROR(__xludf.DUMMYFUNCTION("IFERROR(REGEXEXTRACT($K7,""ECO\s*M\((\d+/\d+)\)""),"""") "),"") | P7: =IFERROR(__xludf.DUMMYFUNCTION("IFERROR(REGEXEXTRACT($K7,""ECO.*?S\((\d+/\d+)\)""),"""") "),"") | Q7: =IFERROR(__xludf.DUMMYFUNCTION("IFERROR(REGEXEXTRACT($K7,""ECO.*?C\((\d+/\d+)\)""),"""") "),"") | R7: =IFERROR(__xludf.DUMMYFUNCTION("IFERROR(REGEXEXTRACT($K7,""LING\s*M\((\d+/\d+)\)""),"""") "),"") | S7: =IFERROR(__xludf.DUMMYFUNCTION("IFERROR(REGEXEXTRACT($K7,""LING.*?S\((\d+/\d+)\)""),"""") "),"") | T7: =IFERROR(__xludf.DUMMYFUNCTION("IFERROR(REGEXEXTRACT($K7,""LING[^|]*C\(([0-9]+/[0-9]+)\)""),"""") "),"")
A8: P2 | B8: =IFERROR(VLOOKUP(A8,Projetos!$A$2:$C$7,2,FALSE),"") -> Hybrid Mobile App with Web Panel | C8: P2-TEAM0 | D8: Dev466 | E8: Dev93 | F8: Dev437 | G8: Dev292 | H8: 1 | I8: 1 | K8: DOM M(1/1)[mobile] S(1/1)[web] C(0/1)[] | ECO M(1/2)[ios/ipados] S(0/1)[] C(1/1)[.net] | LING M(1/2)[swift] S(1/2)[javascript] C(1/2)[c#] | L8: =IFERROR(__xludf.DUMMYFUNCTION("IFERROR(REGEXEXTRACT($K8,""DOM\s*M\((\d+/\d+)\)""),"""") "),"1/1") -> 1/1 | M8: =IFERROR(__xludf.DUMMYFUNCTION("IFERROR(REGEXEXTRACT($K8,""DOM.*?S\((\d+/\d+)\)""),"""") "),"1/1") -> 1/1 | N8: =IFERROR(__xludf.DUMMYFUNCTION("IFERROR(REGEXEXTRACT($K8,""DOM.*?C\((\d+/\d+)\)""),"""") "),"0/1") -> 0/1 | O8: =IFERROR(__xludf.DUMMYFUNCTION("IFERROR(REGEXEXTRACT($K8,""ECO\s*M\((\d+/\d+)\)""),"""") "),"1/2") -> 1/2 | P8: =IFERROR(__xludf.DUMMYFUNCTION("IFERROR(REGEXEXTRACT($K8,""ECO.*?S\((\d+/\d+)\)""),"""") "),"0/1") -> 0/1 | Q8: =IFERROR(__xludf.DUMMYFUNCTION("IFERROR(REGEXEXTRACT($K8,""ECO.*?C\((\d+/\d+)\)""),"""") "),"1/1") -> 1/1 | R8: =IFERROR(__xludf.DUMMYFUNCTION("IFERROR(REGEXEXTRACT($K8,""LING\s*M\((\d+/\d+)\)""),"""") "),"1/2") -> 1/2 | S8: =IFERROR(__xludf.DUMMYFUNCTION("IFERROR(REGEXEXTRACT($K8,""LING.*?S\((\d+/\d+)\)""),"""") "),"1/2") -> 1/2 | T8: =IFERROR(__xludf.DUMMYFUNCTION("IFERROR(REGEXEXTRACT($K8,""LING[^|]*C\(([0-9]+/[0-9]+)\)""),"""") "),"1/2") -> 1/2 | U8: =IFERROR(__xludf.DUMMYFUNCTION("AND( VALUE(INDEX(SPLIT(L8,""/""),1))=VALUE(INDEX(SPLIT(L8,""/""),2)), VALUE(INDEX(SPLIT(O8,""/""),1))=VALUE(INDEX(SPLIT(O8,""/""),2)), VALUE(INDEX(SPLIT(R8,""/""),1))=VALUE(INDEX(SPLIT(R8,""/""),2)) ) "),FALSE) -> FALSE | V8: =IFERROR(__xludf.DUMMYFUNCTION("IF($U8=TRUE,""OK"", TEXTJOIN("" | "",TRUE, IF(VALUE(INDEX(SPLIT($L8,""/""),2))-VALUE(INDEX(SPLIT($L8,""/""),1))>0, ""DOM faltam ""&(VALUE(INDEX(SPLIT($L8,""/""),2))-VALUE(INDEX(SPLIT($L8,""/""),1))), """"), IF(VALUE(INDEX(SPLIT($O8,""/""),2))-V"&"ALUE(INDEX(SPLIT($O8,""/""),1))>0, ""ECO faltam ""&(VALUE(INDEX(SPLIT($O8,""/""),2))-VALUE(INDEX(SPLIT($O8,""/""),1))), """"), IF(VALUE(INDEX(SPLIT($R8,""/""),2))-VALUE(INDEX(SPLIT($R8,""/""),1))>0, ""LING faltam ""&(VALUE(INDEX(SPLIT($R8,""/"&"""),2))-VALUE(INDEX(SPLIT($R8,""/""),1))), """") ) ) "),"ECO faltam 1 | LING faltam 1") -> ECO faltam 1 | LING faltam 1 | W8: =IFERROR(__xludf.DUMMYFUNCTION(" (VALUE(INDEX(SPLIT(L8,""/""),2))-VALUE(INDEX(SPLIT(L8,""/""),1))) + (VALUE(INDEX(SPLIT(O8,""/""),2))-VALUE(INDEX(SPLIT(O8,""/""),1))) + (VALUE(INDEX(SPLIT(R8,""/""),2))-VALUE(INDEX(SPLIT(R8,""/""),1))) "),2.0) -> 2 | X8: Domínio: Desktop Ecossistema: .NET Linguagens: C# Match (requisitos do projeto): DOM: M (0/1)[] S (0/1)[] C (0/1)[] ECO: M (0/2)[] S (0/1)[] C (1/1)[.net] LING: M (0/2)[] S (0/2)[] C (1/2)[c#] Colaboração (somente com membros desta equipe): 466-93: SEM_COMUM 466-292: SEM_COMUM 466-437: SEM_COMUM | Y8: Domínio: Desktop Ecossistema: .NET Linguagens: C# Match (requisitos do projeto): DOM: M (0/1)[] S (0/1)[] C (0/1)[] ECO: M (0/2)[] S (0/1)[] C (1/1)[.net] LING: M (0/2)[] S (0/2)[] C (1/2)[c#] Colaboração (somente com membros desta equipe): 93-292: SEM_COMUM 93-437: SEM_COMUM 93-466: SEM_COMUM | Z8: Domínio: Mobile Ecossistema: iOS/iPadOS Linguagens: Swift Match (requisitos do projeto): DOM: M (1/1)[mobile] S (0/1)[] C (0/1)[] ECO: M (1/2)[ios/ipados] S (0/1)[] C (0/1)[] LING: M (1/2)[swift] S (0/2)[] C (0/2)[] Colaboração (somente com membros desta equipe): 437-93: P158(,osf=0.670,slf=0.322); P82(,osf=0.567,slf=0.737); P85(,osf=0.784,slf=0.538) | 437-292: P82(,osf=0.567,slf=0.737) 437-292: SEM_COMUM 437-466: SEM_COMUM | AA8: Domínio: Web Ecossistema: Node.js Linguagens: JavaScript Match (requisitos do projeto): DOM: M (0/1)[] S (1/1)[web] C (0/1)[] ECO: M (0/2)[] S (0/1)[] C (0/1)[] LING: M (0/2)[] S (1/2)[javascript] C (0/2)[] Colaboração (somente com membros desta equipe): 292-93: P82(,osf=0.567,slf=0.737) | 292-437: P82(,osf=0.567,slf=0.737) 292-437: SEM_COMUM 292-466: SEM_COMUM
B9: =IFERROR( "DOM M["&VLOOKUP($A8,Projetos!$A:$L,4,FALSE)&"] S["&VLOOKUP($A8,Projetos!$A:$L,5,FALSE)&"] C["&VLOOKUP($A8,Projetos!$A:$L,6,FALSE)&"]"&CHAR(10)& "ECO M["&VLOOKUP($A8,Projetos!$A:$L,7,FALSE)&"] S["&VLOOKUP($A8,Projetos!$A:$L,8,FALSE)&"] C["&VLOOKUP($A8,Projetos!$A:$L,9,FALSE)&"]"&CHAR(10)& "LING M["&VLOOKUP($A8,Projetos!$A:$L,10,FALSE)&"] S["&VLOOKUP($A8,Projetos!$A:$L,11,FALSE)&"] C["&VLOOKUP($A8,Projetos!$A:$L,12,FALSE)&"]" ,"") -> DOM M[Mobile] S[Web] C[Cloud] ECO M[Android, iOS/iPadOS] S[React] C[.NET] LING M[Kotlin, Swift] S[JavaScript, TypeScript] C[Java, C#] | C9: P2-TEAM1 | D9: Dev270 | E9: Dev411 | F9: Dev479 | G9: Dev503 | H9: 2 | I9: 1 | K9: DOM M(0/1)[] S(1/1)[web] C(0/1)[] | ECO M(0/2)[] S(1/1)[react] C(0/1)[] | LING M(0/2)[] S(2/2)[javascript, typescript] C(1/2)[java] | L9: =IFERROR(__xludf.DUMMYFUNCTION("IFERROR(REGEXEXTRACT($K9,""DOM\s*M\((\d+/\d+)\)""),"""") "),"0/1") -> 0/1 | M9: =IFERROR(__xludf.DUMMYFUNCTION("IFERROR(REGEXEXTRACT($K9,""DOM.*?S\((\d+/\d+)\)""),"""") "),"1/1") -> 1/1 | N9: =IFERROR(__xludf.DUMMYFUNCTION("IFERROR(REGEXEXTRACT($K9,""DOM.*?C\((\d+/\d+)\)""),"""") "),"0/1") -> 0/1 | O9: =IFERROR(__xludf.DUMMYFUNCTION("IFERROR(REGEXEXTRACT($K9,""ECO\s*M\((\d+/\d+)\)""),"""") "),"0/2") -> 0/2 | P9: =IFERROR(__xludf.DUMMYFUNCTION("IFERROR(REGEXEXTRACT($K9,""ECO.*?S\((\d+/\d+)\)""),"""") "),"1/1") -> 1/1 | Q9: =IFERROR(__xludf.DUMMYFUNCTION("IFERROR(REGEXEXTRACT($K9,""ECO.*?C\((\d+/\d+)\)""),"""") "),"0/1") -> 0/1 | R9: =IFERROR(__xludf.DUMMYFUNCTION("IFERROR(REGEXEXTRACT($K9,""LING\s*M\((\d+/\d+)\)""),"""") "),"0/2") -> 0/2 | S9: =IFERROR(__xludf.DUMMYFUNCTION("IFERROR(REGEXEXTRACT($K9,""LING.*?S\((\d+/\d+)\)""),"""") "),"2/2") -> 2/2 | T9: =IFERROR(__xludf.DUMMYFUNCTION("IFERROR(REGEXEXTRACT($K9,""LING[^|]*C\(([0-9]+/[0-9]+)\)""),"""") "),"1/2") -> 1/2 | U9: =IFERROR(__xludf.DUMMYFUNCTION("AND( VALUE(INDEX(SPLIT(L9,""/""),1))=VALUE(INDEX(SPLIT(L9,""/""),2)), VALUE(INDEX(SPLIT(O9,""/""),1))=VALUE(INDEX(SPLIT(O9,""/""),2)), VALUE(INDEX(SPLIT(R9,""/""),1))=VALUE(INDEX(SPLIT(R9,""/""),2)) ) "),FALSE) -> FALSE | V9: =IFERROR(__xludf.DUMMYFUNCTION("IF($U9=TRUE,""OK"", TEXTJOIN("" | "",TRUE, IF(VALUE(INDEX(SPLIT($L9,""/""),2))-VALUE(INDEX(SPLIT($L9,""/""),1))>0, ""DOM faltam ""&(VALUE(INDEX(SPLIT($L9,""/""),2))-VALUE(INDEX(SPLIT($L9,""/""),1))), """"), IF(VALUE(INDEX(SPLIT($O9,""/""),2))-V"&"ALUE(INDEX(SPLIT($O9,""/""),1))>0, ""ECO faltam ""&(VALUE(INDEX(SPLIT($O9,""/""),2))-VALUE(INDEX(SPLIT($O9,""/""),1))), """"), IF(VALUE(INDEX(SPLIT($R9,""/""),2))-VALUE(INDEX(SPLIT($R9,""/""),1))>0, ""LING faltam ""&(VALUE(INDEX(SPLIT($R9,""/"&"""),2))-VALUE(INDEX(SPLIT($R9,""/""),1))), """") ) ) "),"DOM faltam 1 | ECO faltam 2 | LING faltam 2") -> DOM faltam 1 | ECO faltam 2 | LING faltam 2 | W9: =IFERROR(__xludf.DUMMYFUNCTION(" (VALUE(INDEX(SPLIT(L9,""/""),2))-VALUE(INDEX(SPLIT(L9,""/""),1))) + (VALUE(INDEX(SPLIT(O9,""/""),2))-VALUE(INDEX(SPLIT(O9,""/""),1))) + (VALUE(INDEX(SPLIT(R9,""/""),2))-VALUE(INDEX(SPLIT(R9,""/""),1))) "),5.0) -> 5 | X9: Domínio: Web Ecossistema: Angular Linguagens: TypeScript Match (requisitos do projeto): DOM: M (0/1)[] S (1/1)[web] C (0/1)[] ECO: M (0/2)[] S (0/1)[] C (0/1)[] LING: M (0/2)[] S (1/2)[typescript] C (0/2)[] Colaboração (somente com membros desta equipe): 270-411: SEM_COMUM 270-479: SEM_COMUM 270-503: SEM_COMUM | Y9: Domínio: Web Ecossistema: Spring Boot Linguagens: Java Match (requisitos do projeto): DOM: M (0/1)[] S (1/1)[web] C (0/1)[] ECO: M (0/2)[] S (0/1)[] C (0/1)[] LING: M (0/2)[] S (0/2)[] C (1/2)[java] Colaboração (somente com membros desta equipe): 411-270: P82(,osf=0.567,slf=0.737) | 411-479: P179(,osf=0.489,slf=0.711) | 411-503: P145(,osf=0.612,slf=0.871); P177(,osf=0.340,slf=0.621); P284(,osf=0.383,slf=0.553) 411-479: SEM_COMUM 411-503: SEM_COMUM | Z9: Domínio: Web Ecossistema: Angular Linguagens: TypeScript Match (requisitos do projeto): DOM: M (0/1)[] S (1/1)[web] C (0/1)[] ECO: M (0/2)[] S (0/1)[] C (0/1)[] LING: M (0/2)[] S (1/2)[typescript] C (0/2)[] Colaboração (somente com membros desta equipe): 479-270: SEM_COMUM 479-411: P179(,osf=0.489,slf=0.711) 479-503: SEM_COMUM | AA9: Domínio: Web Ecossistema: React Linguagens: JavaScript Match (requisitos do projeto): DOM: M (0/1)[] S (1/1)[web] C (0/1)[] ECO: M (0/2)[] S (1/1)[react] C (0/1)[] LING: M (0/2)[] S (1/2)[javascript] C (0/2)[] Colaboração (somente com membros desta equipe): 503-270: SEM_COMUM 503-411: SEM_COMUM 503-479: SEM_COMUM
C10: P2-TEAM2 | D10: Dev115 | E10: Dev119 | F10: Dev399 | G10: Dev193 | H10: 3 | I10: 2 | K10: DOM M(1/1)[mobile] S(1/1)[web] C(0/1)[] | ECO M(1/2)[ios/ipados] S(0/1)[] C(1/1)[.net] | LING M(1/2)[swift] S(1/2)[javascript] C(2/2)[java, c#] | L10: =IFERROR(__xludf.DUMMYFUNCTION("IFERROR(REGEXEXTRACT($K10,""DOM\s*M\((\d+/\d+)\)""),"""") "),"1/1") -> 1/1 | M10: =IFERROR(__xludf.DUMMYFUNCTION("IFERROR(REGEXEXTRACT($K10,""DOM.*?S\((\d+/\d+)\)""),"""") "),"1/1") -> 1/1 | N10: =IFERROR(__xludf.DUMMYFUNCTION("IFERROR(REGEXEXTRACT($K10,""DOM.*?C\((\d+/\d+)\)""),"""") "),"0/1") -> 0/1 | O10: =IFERROR(__xludf.DUMMYFUNCTION("IFERROR(REGEXEXTRACT($K10,""ECO\s*M\((\d+/\d+)\)""),"""") "),"1/2") -> 1/2 | P10: =IFERROR(__xludf.DUMMYFUNCTION("IFERROR(REGEXEXTRACT($K10,""ECO.*?S\((\d+/\d+)\)""),"""") "),"0/1") -> 0/1 | Q10: =IFERROR(__xludf.DUMMYFUNCTION("IFERROR(REGEXEXTRACT($K10,""ECO.*?C\((\d+/\d+)\)""),"""") "),"1/1") -> 1/1 | R10: =IFERROR(__xludf.DUMMYFUNCTION("IFERROR(REGEXEXTRACT($K10,""LING\s*M\((\d+/\d+)\)""),"""") "),"1/2") -> 1/2 | S10: =IFERROR(__xludf.DUMMYFUNCTION("IFERROR(REGEXEXTRACT($K10,""LING.*?S\((\d+/\d+)\)""),"""") "),"1/2") -> 1/2 | T10: =IFERROR(__xludf.DUMMYFUNCTION("IFERROR(REGEXEXTRACT($K10,""LING[^|]*C\(([0-9]+/[0-9]+)\)""),"""") "),"2/2") -> 2/2 | U10: =IFERROR(__xludf.DUMMYFUNCTION("AND( VALUE(INDEX(SPLIT(L10,""/""),1))=VALUE(INDEX(SPLIT(L10,""/""),2)), VALUE(INDEX(SPLIT(O10,""/""),1))=VALUE(INDEX(SPLIT(O10,""/""),2)), VALUE(INDEX(SPLIT(R10,""/""),1))=VALUE(INDEX(SPLIT(R10,""/""),2)) ) "),FALSE) -> FALSE | V10: =IFERROR(__xludf.DUMMYFUNCTION("IF($U10=TRUE,""OK"", TEXTJOIN("" | "",TRUE, IF(VALUE(INDEX(SPLIT($L10,""/""),2))-VALUE(INDEX(SPLIT($L10,""/""),1))>0, ""DOM faltam ""&(VALUE(INDEX(SPLIT($L10,""/""),2))-VALUE(INDEX(SPLIT($L10,""/""),1))), """"), IF(VALUE(INDEX(SPLIT($O10,""/"")"&",2))-VALUE(INDEX(SPLIT($O10,""/""),1))>0, ""ECO faltam ""&(VALUE(INDEX(SPLIT($O10,""/""),2))-VALUE(INDEX(SPLIT($O10,""/""),1))), """"), IF(VALUE(INDEX(SPLIT($R10,""/""),2))-VALUE(INDEX(SPLIT($R10,""/""),1))>0, ""LING faltam ""&(VALUE(INDEX(SPL"&"IT($R10,""/""),2))-VALUE(INDEX(SPLIT($R10,""/""),1))), """") ) ) "),"ECO faltam 1 | LING faltam 1") -> ECO faltam 1 | LING faltam 1 | W10: =IFERROR(__xludf.DUMMYFUNCTION(" (VALUE(INDEX(SPLIT(L10,""/""),2))-VALUE(INDEX(SPLIT(L10,""/""),1))) + (VALUE(INDEX(SPLIT(O10,""/""),2))-VALUE(INDEX(SPLIT(O10,""/""),1))) + (VALUE(INDEX(SPLIT(R10,""/""),2))-VALUE(INDEX(SPLIT(R10,""/""),1))) "),2.0) -> 2 | X10: Domínio: Web Ecossistema: Node.js Linguagens: JavaScript Match (requisitos do projeto): DOM: M (0/1)[] S (1/1)[web] C (0/1)[] ECO: M (0/2)[] S (0/1)[] C (0/1)[] LING: M (0/2)[] S (1/2)[javascript] C (0/2)[] Colaboração (somente com membros desta equipe): 115-119: SEM_COMUM 115-193: SEM_COMUM 115-399: SEM_COMUM | Y10: Domínio: Mobile Ecossistema: iOS/iPadOS Linguagens: Swift Match (requisitos do projeto): DOM: M (1/1)[mobile] S (0/1)[] C (0/1)[] ECO: M (1/2)[ios/ipados] S (0/1)[] C (0/1)[] LING: M (1/2)[swift] S (0/2)[] C (0/2)[] Colaboração (somente com membros desta equipe): 119-115: SEM_COMUM 119-193: P82(,osf=0.567,slf=0.737) | 119-399: P82(,osf=0.567,slf=0.737) 119-399: SEM_COMUM | Z10: Domínio: Desktop Ecossistema: .NET Linguagens: C# Match (requisitos do projeto): DOM: M (0/1)[] S (0/1)[] C (0/1)[] ECO: M (0/2)[] S (0/1)[] C (1/1)[.net] LING: M (0/2)[] S (0/2)[] C (1/2)[c#] Colaboração (somente com membros desta equipe): 399-115: SEM_COMUM 399-119: P82(,osf=0.567,slf=0.737) | 399-193: P82(,osf=0.567,slf=0.737); P85(,osf=0.784,slf=0.538) 399-193: SEM_COMUM | AA10: Domínio: Web Ecossistema: Spring Boot Linguagens: Java Match (requisitos do projeto): DOM: M (0/1)[] S (1/1)[web] C (0/1)[] ECO: M (0/2)[] S (0/1)[] C (0/1)[] LING: M (0/2)[] S (0/2)[] C (1/2)[java] Colaboração (somente com membros desta equipe): 193-115: SEM_COMUM 193-119: SEM_COMUM 193-399: SEM_COMUM
C11: P2-TEAM3 | D11: Dev468 | E11: Dev263 | F11: Dev503 | G11: Dev5 | H11: 4 | I11: 4 | K11: DOM M(1/1)[mobile] S(1/1)[web] C(1/1)[cloud] | ECO M(1/2)[android] S(1/1)[react] C(0/1)[] | LING M(1/2)[kotlin] S(1/2)[javascript] C(0/2)[] | L11: =IFERROR(__xludf.DUMMYFUNCTION("IFERROR(REGEXEXTRACT($K11,""DOM\s*M\((\d+/\d+)\)""),"""") "),"1/1") -> 1/1 | M11: =IFERROR(__xludf.DUMMYFUNCTION("IFERROR(REGEXEXTRACT($K11,""DOM.*?S\((\d+/\d+)\)""),"""") "),"1/1") -> 1/1 | N11: =IFERROR(__xludf.DUMMYFUNCTION("IFERROR(REGEXEXTRACT($K11,""DOM.*?C\((\d+/\d+)\)""),"""") "),"1/1") -> 1/1 | O11: =IFERROR(__xludf.DUMMYFUNCTION("IFERROR(REGEXEXTRACT($K11,""ECO\s*M\((\d+/\d+)\)""),"""") "),"1/2") -> 1/2 | P11: =IFERROR(__xludf.DUMMYFUNCTION("IFERROR(REGEXEXTRACT($K11,""ECO.*?S\((\d+/\d+)\)""),"""") "),"1/1") -> 1/1 | Q11: =IFERROR(__xludf.DUMMYFUNCTION("IFERROR(REGEXEXTRACT($K11,""ECO.*?C\((\d+/\d+)\)""),"""") "),"0/1") -> 0/1 | R11: =IFERROR(__xludf.DUMMYFUNCTION("IFERROR(REGEXEXTRACT($K11,""LING\s*M\((\d+/\d+)\)""),"""") "),"1/2") -> 1/2 | S11: =IFERROR(__xludf.DUMMYFUNCTION("IFERROR(REGEXEXTRACT($K11,""LING.*?S\((\d+/\d+)\)""),"""") "),"1/2") -> 1/2 | T11: =IFERROR(__xludf.DUMMYFUNCTION("IFERROR(REGEXEXTRACT($K11,""LING[^|]*C\(([0-9]+/[0-9]+)\)""),"""") "),"0/2") -> 0/2 | U11: =IFERROR(__xludf.DUMMYFUNCTION("AND( VALUE(INDEX(SPLIT(L11,""/""),1))=VALUE(INDEX(SPLIT(L11,""/""),2)), VALUE(INDEX(SPLIT(O11,""/""),1))=VALUE(INDEX(SPLIT(O11,""/""),2)), VALUE(INDEX(SPLIT(R11,""/""),1))=VALUE(INDEX(SPLIT(R11,""/""),2)) ) "),FALSE) -> FALSE | V11: =IFERROR(__xludf.DUMMYFUNCTION("IF($U11=TRUE,""OK"", TEXTJOIN("" | "",TRUE, IF(VALUE(INDEX(SPLIT($L11,""/""),2))-VALUE(INDEX(SPLIT($L11,""/""),1))>0, ""DOM faltam ""&(VALUE(INDEX(SPLIT($L11,""/""),2))-VALUE(INDEX(SPLIT($L11,""/""),1))), """"), IF(VALUE(INDEX(SPLIT($O11,""/"")"&",2))-VALUE(INDEX(SPLIT($O11,""/""),1))>0, ""ECO faltam ""&(VALUE(INDEX(SPLIT($O11,""/""),2))-VALUE(INDEX(SPLIT($O11,""/""),1))), """"), IF(VALUE(INDEX(SPLIT($R11,""/""),2))-VALUE(INDEX(SPLIT($R11,""/""),1))>0, ""LING faltam ""&(VALUE(INDEX(SPL"&"IT($R11,""/""),2))-VALUE(INDEX(SPLIT($R11,""/""),1))), """") ) ) "),"ECO faltam 1 | LING faltam 1") -> ECO faltam 1 | LING faltam 1 | W11: =IFERROR(__xludf.DUMMYFUNCTION(" (VALUE(INDEX(SPLIT(L11,""/""),2))-VALUE(INDEX(SPLIT(L11,""/""),1))) + (VALUE(INDEX(SPLIT(O11,""/""),2))-VALUE(INDEX(SPLIT(O11,""/""),1))) + (VALUE(INDEX(SPLIT(R11,""/""),2))-VALUE(INDEX(SPLIT(R11,""/""),1))) "),2.0) -> 2 | X11: Domínio: Cloud Ecossistema: AWS Lambda Linguagens: Python Match (requisitos do projeto): DOM: M (0/1)[] S (0/1)[] C (1/1)[cloud] ECO: M (0/2)[] S (0/1)[] C (0/1)[] LING: M (0/2)[] S (0/2)[] C (0/2)[] Colaboração (somente com membros desta equipe): 468-5: P82(,osf=0.567,slf=0.737) | 468-508: P196(,osf=0.888,slf=0.339) | 468-516: P82(,osf=0.567,slf=0.737); P85(,osf=0.784,slf=0.538) 468-263: SEM_COMUM 468-503: SEM_COMUM | Y11: Domínio: Web Ecossistema: Vue Linguagens: JavaScript Match (requisitos do projeto): DOM: M (0/1)[] S (1/1)[web] C (0/1)[] ECO: M (0/2)[] S (0/1)[] C (0/1)[] LING: M (0/2)[] S (1/2)[javascript] C (0/2)[] Colaboração (somente com membros desta equipe): 263-5: P179(,osf=0.489,slf=0.711) | 263-145: P179(,osf=0.489,slf=0.711); P201(,osf=0.535,slf=0.596) 263-468: SEM_COMUM 263-503: SEM_COMUM | Z11: Domínio: Web Ecossistema: React Linguagens: JavaScript Match (requisitos do projeto): DOM: M (0/1)[] S (1/1)[web] C (0/1)[] ECO: M (0/2)[] S (1/1)[react] C (0/1)[] LING: M (0/2)[] S (1/2)[javascript] C (0/2)[] Colaboração (somente com membros desta equipe): 503-5: P145(,osf=0.612,slf=0.871); P177(,osf=0.340,slf=0.621); P213(,osf=0.312,slf=0.608); P216(,osf=0.401,slf=0.341); P279(,osf=0.594,slf=0.422) | 503-411: P145(,osf=0.612,slf=0.871); P177(,osf=0.340,slf=0.621); P284(,osf=0.383,slf=0.553) 503-263: SEM_COMUM 503-468: SEM_COMUM | AA11: Domínio: Mobile Ecossistema: Android Linguagens: Kotlin Match (requisitos do projeto): DOM: M (1/1)[mobile] S (0/1)[] C (0/1)[] ECO: M (1/2)[android] S (0/1)[] C (0/1)[] LING: M (1/2)[kotlin] S (0/2)[] C (0/2)[] Colaboração (somente com membros desta equipe): 5-263: P179(,osf=0.489,slf=0.711) | 5-468: P82(,osf=0.567,slf=0.737) | 5-503: P145(,osf=0.612,slf=0.871); P177(,osf=0.340,slf=0.621); P213(,osf=0.312,slf=0.608); P216(,osf=0.401,slf=0.341); P279(,osf=0.594,slf=0.422) 5-468: SEM_COMUM 5-503: SEM_COMUM
C12: P2-TEAM4 | D12: Dev104 | E12: Dev363 | F12: Dev544 | G12: Dev81 | H12: 3 | I12: 4 | K12: DOM M(1/1)[mobile] S(0/1)[] C(0/1)[] | ECO M(2/2)[android, ios/ipados] S(0/1)[] C(0/1)[] | LING M(2/2)[kotlin, swift] S(1/2)[javascript] C(0/2)[] | L12: =IFERROR(__xludf.DUMMYFUNCTION("IFERROR(REGEXEXTRACT($K12,""DOM\s*M\((\d+/\d+)\)""),"""") "),"1/1") -> 1/1 | M12: =IFERROR(__xludf.DUMMYFUNCTION("IFERROR(REGEXEXTRACT($K12,""DOM.*?S\((\d+/\d+)\)""),"""") "),"0/1") -> 0/1 | N12: =IFERROR(__xludf.DUMMYFUNCTION("IFERROR(REGEXEXTRACT($K12,""DOM.*?C\((\d+/\d+)\)""),"""") "),"0/1") -> 0/1 | O12: =IFERROR(__xludf.DUMMYFUNCTION("IFERROR(REGEXEXTRACT($K12,""ECO\s*M\((\d+/\d+)\)""),"""") "),"2/2") -> 2/2 | P12: =IFERROR(__xludf.DUMMYFUNCTION("IFERROR(REGEXEXTRACT($K12,""ECO.*?S\((\d+/\d+)\)""),"""") "),"0/1") -> 0/1 | Q12: =IFERROR(__xludf.DUMMYFUNCTION("IFERROR(REGEXEXTRACT($K12,""ECO.*?C\((\d+/\d+)\)""),"""") "),"0/1") -> 0/1 | R12: =IFERROR(__xludf.DUMMYFUNCTION("IFERROR(REGEXEXTRACT($K12,""LING\s*M\((\d+/\d+)\)""),"""") "),"2/2") -> 2/2 | S12: =IFERROR(__xludf.DUMMYFUNCTION("IFERROR(REGEXEXTRACT($K12,""LING.*?S\((\d+/\d+)\)""),"""") "),"1/2") -> 1/2 | T12: =IFERROR(__xludf.DUMMYFUNCTION("IFERROR(REGEXEXTRACT($K12,""LING[^|]*C\(([0-9]+/[0-9]+)\)""),"""") "),"0/2") -> 0/2 | U12: =IFERROR(__xludf.DUMMYFUNCTION("AND( VALUE(INDEX(SPLIT(L12,""/""),1))=VALUE(INDEX(SPLIT(L12,""/""),2)), VALUE(INDEX(SPLIT(O12,""/""),1))=VALUE(INDEX(SPLIT(O12,""/""),2)), VALUE(INDEX(SPLIT(R12,""/""),1))=VALUE(INDEX(SPLIT(R12,""/""),2)) ) "),TRUE) -> TRUE | V12: =IFERROR(__xludf.DUMMYFUNCTION("IF($U12=TRUE,""OK"", TEXTJOIN("" | "",TRUE, IF(VALUE(INDEX(SPLIT($L12,""/""),2))-VALUE(INDEX(SPLIT($L12,""/""),1))>0, ""DOM faltam ""&(VALUE(INDEX(SPLIT($L12,""/""),2))-VALUE(INDEX(SPLIT($L12,""/""),1))), """"), IF(VALUE(INDEX(SPLIT($O12,""/"")"&",2))-VALUE(INDEX(SPLIT($O12,""/""),1))>0, ""ECO faltam ""&(VALUE(INDEX(SPLIT($O12,""/""),2))-VALUE(INDEX(SPLIT($O12,""/""),1))), """"), IF(VALUE(INDEX(SPLIT($R12,""/""),2))-VALUE(INDEX(SPLIT($R12,""/""),1))>0, ""LING faltam ""&(VALUE(INDEX(SPL"&"IT($R12,""/""),2))-VALUE(INDEX(SPLIT($R12,""/""),1))), """") ) ) "),"OK") -> OK | W12: =IFERROR(__xludf.DUMMYFUNCTION(" (VALUE(INDEX(SPLIT(L12,""/""),2))-VALUE(INDEX(SPLIT(L12,""/""),1))) + (VALUE(INDEX(SPLIT(O12,""/""),2))-VALUE(INDEX(SPLIT(O12,""/""),1))) + (VALUE(INDEX(SPLIT(R12,""/""),2))-VALUE(INDEX(SPLIT(R12,""/""),1))) "),0.0) -> 0 | X12: Domínio: Mobile Ecossistema: Android Linguagens: Kotlin Match (requisitos do projeto): DOM: M (1/1)[mobile] S (0/1)[] C (0/1)[] ECO: M (1/2)[android] S (0/1)[] C (0/1)[] LING: M (1/2)[kotlin] S (0/2)[] C (0/2)[] Colaboração (somente com membros desta equipe): 104-81: P69(,osf=0.478,slf=0.301) 104-363: SEM_COMUM 104-544: SEM_COMUM | Y12: Domínio: Mobile Ecossistema: iOS/iPadOS Linguagens: Swift Match (requisitos do projeto): DOM: M (1/1)[mobile] S (0/1)[] C (0/1)[] ECO: M (1/2)[ios/ipados] S (0/1)[] C (0/1)[] LING: M (1/2)[swift] S (0/2)[] C (0/2)[] Colaboração (somente com membros desta equipe): 363-81: SEM_COMUM 363-104: SEM_COMUM 363-544: SEM_COMUM | Z12: Domínio: Mobile Ecossistema: iOS/iPadOS Linguagens: Swift Match (requisitos do projeto): DOM: M (1/1)[mobile] S (0/1)[] C (0/1)[] ECO: M (1/2)[ios/ipados] S (0/1)[] C (0/1)[] LING: M (1/2)[swift] S (0/2)[] C (0/2)[] Colaboração (somente com membros desta equipe): 544-81: SEM_COMUM 544-104: SEM_COMUM 544-363: SEM_COMUM | AA12: Domínio: IoT Ecossistema: nan Linguagens: JavaScript Match (requisitos do projeto): DOM: M (0/1)[] S (0/1)[] C (0/1)[] ECO: M (0/2)[] S (0/1)[] C (0/1)[] LING: M (0/2)[] S (1/2)[javascript] C (0/2)[] Colaboração (somente com membros desta equipe): 81-104: P69(,osf=0.478,slf=0.301) 81-363: SEM_COMUM 81-544: SEM_COMUM
L13: =IFERROR(__xludf.DUMMYFUNCTION("IFERROR(REGEXEXTRACT($K13,""DOM\s*M\((\d+/\d+)\)""),"""") "),"") | M13: =IFERROR(__xludf.DUMMYFUNCTION("IFERROR(REGEXEXTRACT($K13,""DOM.*?S\((\d+/\d+)\)""),"""") "),"") | N13: =IFERROR(__xludf.DUMMYFUNCTION("IFERROR(REGEXEXTRACT($K13,""DOM.*?C\((\d+/\d+)\)""),"""") "),"") | O13: =IFERROR(__xludf.DUMMYFUNCTION("IFERROR(REGEXEXTRACT($K13,""ECO\s*M\((\d+/\d+)\)""),"""") "),"") | P13: =IFERROR(__xludf.DUMMYFUNCTION("IFERROR(REGEXEXTRACT($K13,""ECO.*?S\((\d+/\d+)\)""),"""") "),"") | Q13: =IFERROR(__xludf.DUMMYFUNCTION("IFERROR(REGEXEXTRACT($K13,""ECO.*?C\((\d+/\d+)\)""),"""") "),"") | R13: =IFERROR(__xludf.DUMMYFUNCTION("IFERROR(REGEXEXTRACT($K13,""LING\s*M\((\d+/\d+)\)""),"""") "),"") | S13: =IFERROR(__xludf.DUMMYFUNCTION("IFERROR(REGEXEXTRACT($K13,""LING.*?S\((\d+/\d+)\)""),"""") "),"") | T13: =IFERROR(__xludf.DUMMYFUNCTION("IFERROR(REGEXEXTRACT($K13,""LING[^|]*C\(([0-9]+/[0-9]+)\)""),"""") "),"")
A14: P3 | B14: =IFERROR(VLOOKUP(A14,Projetos!$A$2:$C$7,2,FALSE),"") -> Cloud IoT Sensor Platform | C14: P3-TEAM0 | D14: Dev423 | E14: Dev558 | F14: Dev494 | G14: Dev391 | H14: 3 | I14: 2 | K14: DOM M(1/2)[cloud] S(1/1)[web] C(0/1)[] | ECO M(1/1)[aws lambda] S(1/3)[react] C(1/1)[android] | LING M(1/2)[python] S(1/1)[javascript] C(0/2)[] | L14: =IFERROR(__xludf.DUMMYFUNCTION("IFERROR(REGEXEXTRACT($K14,""DOM\s*M\((\d+/\d+)\)""),"""") "),"1/2") -> 1/2 | M14: =IFERROR(__xludf.DUMMYFUNCTION("IFERROR(REGEXEXTRACT($K14,""DOM.*?S\((\d+/\d+)\)""),"""") "),"1/1") -> 1/1 | N14: =IFERROR(__xludf.DUMMYFUNCTION("IFERROR(REGEXEXTRACT($K14,""DOM.*?C\((\d+/\d+)\)""),"""") "),"0/1") -> 0/1 | O14: =IFERROR(__xludf.DUMMYFUNCTION("IFERROR(REGEXEXTRACT($K14,""ECO\s*M\((\d+/\d+)\)""),"""") "),"1/1") -> 1/1 | P14: =IFERROR(__xludf.DUMMYFUNCTION("IFERROR(REGEXEXTRACT($K14,""ECO.*?S\((\d+/\d+)\)""),"""") "),"1/3") -> 1/3 | Q14: =IFERROR(__xludf.DUMMYFUNCTION("IFERROR(REGEXEXTRACT($K14,""ECO.*?C\((\d+/\d+)\)""),"""") "),"1/1") -> 1/1 | R14: =IFERROR(__xludf.DUMMYFUNCTION("IFERROR(REGEXEXTRACT($K14,""LING\s*M\((\d+/\d+)\)""),"""") "),"1/2") -> 1/2 | S14: =IFERROR(__xludf.DUMMYFUNCTION("IFERROR(REGEXEXTRACT($K14,""LING.*?S\((\d+/\d+)\)""),"""") "),"1/1") -> 1/1 | T14: =IFERROR(__xludf.DUMMYFUNCTION("IFERROR(REGEXEXTRACT($K14,""LING[^|]*C\(([0-9]+/[0-9]+)\)""),"""") "),"0/2") -> 0/2 | U14: =IFERROR(__xludf.DUMMYFUNCTION("AND( VALUE(INDEX(SPLIT(L14,""/""),1))=VALUE(INDEX(SPLIT(L14,""/""),2)), VALUE(INDEX(SPLIT(O14,""/""),1))=VALUE(INDEX(SPLIT(O14,""/""),2)), VALUE(INDEX(SPLIT(R14,""/""),1))=VALUE(INDEX(SPLIT(R14,""/""),2)) ) "),FALSE) -> FALSE | V14: =IFERROR(__xludf.DUMMYFUNCTION("IF($U14=TRUE,""OK"", TEXTJOIN("" | "",TRUE, IF(VALUE(INDEX(SPLIT($L14,""/""),2))-VALUE(INDEX(SPLIT($L14,""/""),1))>0, ""DOM faltam ""&(VALUE(INDEX(SPLIT($L14,""/""),2))-VALUE(INDEX(SPLIT($L14,""/""),1))), """"), IF(VALUE(INDEX(SPLIT($O14,""/"")"&",2))-VALUE(INDEX(SPLIT($O14,""/""),1))>0, ""ECO faltam ""&(VALUE(INDEX(SPLIT($O14,""/""),2))-VALUE(INDEX(SPLIT($O14,""/""),1))), """"), IF(VALUE(INDEX(SPLIT($R14,""/""),2))-VALUE(INDEX(SPLIT($R14,""/""),1))>0, ""LING faltam ""&(VALUE(INDEX(SPL"&"IT($R14,""/""),2))-VALUE(INDEX(SPLIT($R14,""/""),1))), """") ) ) "),"DOM faltam 1 | LING faltam 1") -> DOM faltam 1 | LING faltam 1 | W14: =IFERROR(__xludf.DUMMYFUNCTION(" (VALUE(INDEX(SPLIT(L14,""/""),2))-VALUE(INDEX(SPLIT(L14,""/""),1))) + (VALUE(INDEX(SPLIT(O14,""/""),2))-VALUE(INDEX(SPLIT(O14,""/""),1))) + (VALUE(INDEX(SPLIT(R14,""/""),2))-VALUE(INDEX(SPLIT(R14,""/""),1))) "),2.0) -> 2 | X14: Domínio: Web Ecossistema: React Linguagens: JavaScript Match (requisitos do projeto): DOM: M (0/2)[] S (1/1)[web] C (0/1)[] ECO: M (0/1)[] S (1/3)[react] C (0/1)[] LING: M (0/2)[] S (1/1)[javascript] C (0/2)[] Colaboração (somente com membros desta equipe): 423-391: SEM_COMUM 423-494: SEM_COMUM 423-558: P85(,osf=0.784,slf=0.538) | Y14: Domínio: Mobile Ecossistema: Android Linguagens: Kotlin Match (requisitos do projeto): DOM: M (0/2)[] S (0/1)[] C (0/1)[] ECO: M (0/1)[] S (0/3)[] C (1/1)[android] LING: M (0/2)[] S (0/1)[] C (0/2)[] Colaboração (somente com membros desta equipe): 558-391: SEM_COMUM 558-423: SEM_COMUM 558-494: SEM_COMUM | Z14: Domínio: Cloud Ecossistema: AWS Lambda Linguagens: Python Match (requisitos do projeto): DOM: M (1/2)[cloud] S (0/1)[] C (0/1)[] ECO: M (1/1)[aws lambda] S (0/3)[] C (0/1)[] LING: M (1/2)[python] S (0/1)[] C (0/2)[] Colaboração (somente com membros desta equipe): 494-391: SEM_COMUM 494-423: SEM_COMUM 494-558: SEM_COMUM | AA14: Domínio: Cloud Ecossistema: AWS Lambda Linguagens: Python Match (requisitos do projeto): DOM: M (1/2)[cloud] S (0/1)[] C (0/1)[] ECO: M (1/1)[aws lambda] S (0/3)[] C (0/1)[] LING: M (1/2)[python] S (0/1)[] C (0/2)[] Colaboração (somente com membros desta equipe): 391-423: SEM_COMUM 391-494: SEM_COMUM 391-558: SEM_COMUM
B15: =IFERROR( "DOM M["&VLOOKUP($A14,Projetos!$A:$L,4,FALSE)&"] S["&VLOOKUP($A14,Projetos!$A:$L,5,FALSE)&"] C["&VLOOKUP($A14,Projetos!$A:$L,6,FALSE)&"]"&CHAR(10)& "ECO M["&VLOOKUP($A14,Projetos!$A:$L,7,FALSE)&"] S["&VLOOKUP($A14,Projetos!$A:$L,8,FALSE)&"] C["&VLOOKUP($A14,Projetos!$A:$L,9,FALSE)&"]"&CHAR(10)& "LING M["&VLOOKUP($A14,Projetos!$A:$L,10,FALSE)&"] S["&VLOOKUP($A14,Projetos!$A:$L,11,FALSE)&"] C["&VLOOKUP($A14,Projetos!$A:$L,12,FALSE)&"]" ,"") -> DOM M[IoT, Cloud] S[Web] C[Desktop] ECO M[AWS Lambda] S[React, Angular, MongoDB] C[Android] LING M[Python, C++] S[JavaScript] C[Java, TypeScript] | C15: P3-TEAM1 | D15: Dev104 | E15: Dev446 | F15: Dev152 | G15: Dev465 | H15: 5 | I15: 4 | K15: DOM M(0/2)[] S(1/1)[web] C(0/1)[] | ECO M(0/1)[] S(1/3)[react] C(1/1)[android] | LING M(0/2)[] S(1/1)[javascript] C(1/2)[java] | L15: =IFERROR(__xludf.DUMMYFUNCTION("IFERROR(REGEXEXTRACT($K15,""DOM\s*M\((\d+/\d+)\)""),"""") "),"0/2") -> 0/2 | M15: =IFERROR(__xludf.DUMMYFUNCTION("IFERROR(REGEXEXTRACT($K15,""DOM.*?S\((\d+/\d+)\)""),"""") "),"1/1") -> 1/1 | N15: =IFERROR(__xludf.DUMMYFUNCTION("IFERROR(REGEXEXTRACT($K15,""DOM.*?C\((\d+/\d+)\)""),"""") "),"0/1") -> 0/1 | O15: =IFERROR(__xludf.DUMMYFUNCTION("IFERROR(REGEXEXTRACT($K15,""ECO\s*M\((\d+/\d+)\)""),"""") "),"0/1") -> 0/1 | P15: =IFERROR(__xludf.DUMMYFUNCTION("IFERROR(REGEXEXTRACT($K15,""ECO.*?S\((\d+/\d+)\)""),"""") "),"1/3") -> 1/3 | Q15: =IFERROR(__xludf.DUMMYFUNCTION("IFERROR(REGEXEXTRACT($K15,""ECO.*?C\((\d+/\d+)\)""),"""") "),"1/1") -> 1/1 | R15: =IFERROR(__xludf.DUMMYFUNCTION("IFERROR(REGEXEXTRACT($K15,""LING\s*M\((\d+/\d+)\)""),"""") "),"0/2") -> 0/2 | S15: =IFERROR(__xludf.DUMMYFUNCTION("IFERROR(REGEXEXTRACT($K15,""LING.*?S\((\d+/\d+)\)""),"""") "),"1/1") -> 1/1 | T15: =IFERROR(__xludf.DUMMYFUNCTION("IFERROR(REGEXEXTRACT($K15,""LING[^|]*C\(([0-9]+/[0-9]+)\)""),"""") "),"1/2") -> 1/2 | U15: =IFERROR(__xludf.DUMMYFUNCTION("AND( VALUE(INDEX(SPLIT(L15,""/""),1))=VALUE(INDEX(SPLIT(L15,""/""),2)), VALUE(INDEX(SPLIT(O15,""/""),1))=VALUE(INDEX(SPLIT(O15,""/""),2)), VALUE(INDEX(SPLIT(R15,""/""),1))=VALUE(INDEX(SPLIT(R15,""/""),2)) ) "),FALSE) -> FALSE | V15: =IFERROR(__xludf.DUMMYFUNCTION("IF($U15=TRUE,""OK"", TEXTJOIN("" | "",TRUE, IF(VALUE(INDEX(SPLIT($L15,""/""),2))-VALUE(INDEX(SPLIT($L15,""/""),1))>0, ""DOM faltam ""&(VALUE(INDEX(SPLIT($L15,""/""),2))-VALUE(INDEX(SPLIT($L15,""/""),1))), """"), IF(VALUE(INDEX(SPLIT($O15,""/"")"&",2))-VALUE(INDEX(SPLIT($O15,""/""),1))>0, ""ECO faltam ""&(VALUE(INDEX(SPLIT($O15,""/""),2))-VALUE(INDEX(SPLIT($O15,""/""),1))), """"), IF(VALUE(INDEX(SPLIT($R15,""/""),2))-VALUE(INDEX(SPLIT($R15,""/""),1))>0, ""LING faltam ""&(VALUE(INDEX(SPL"&"IT($R15,""/""),2))-VALUE(INDEX(SPLIT($R15,""/""),1))), """") ) ) "),"DOM faltam 2 | ECO faltam 1 | LING faltam 2") -> DOM faltam 2 | ECO faltam 1 | LING faltam 2 | W15: =IFERROR(__xludf.DUMMYFUNCTION(" (VALUE(INDEX(SPLIT(L15,""/""),2))-VALUE(INDEX(SPLIT(L15,""/""),1))) + (VALUE(INDEX(SPLIT(O15,""/""),2))-VALUE(INDEX(SPLIT(O15,""/""),1))) + (VALUE(INDEX(SPLIT(R15,""/""),2))-VALUE(INDEX(SPLIT(R15,""/""),1))) "),5.0) -> 5 | X15: Domínio: Mobile Ecossistema: Android Linguagens: Kotlin Match (requisitos do projeto): DOM: M (0/2)[] S (0/1)[] C (0/1)[] ECO: M (0/1)[] S (0/3)[] C (1/1)[android] LING: M (0/2)[] S (0/1)[] C (0/2)[] Colaboração (somente com membros desta equipe): 104-152: SEM_COMUM 104-446: SEM_COMUM 104-465: SEM_COMUM | Y15: Domínio: Mobile Ecossistema: Android Linguagens: Kotlin Match (requisitos do projeto): DOM: M (0/2)[] S (0/1)[] C (0/1)[] ECO: M (0/1)[] S (0/3)[] C (1/1)[android] LING: M (0/2)[] S (0/1)[] C (0/2)[] Colaboração (somente com membros desta equipe): 446-104: SEM_COMUM 446-152: SEM_COMUM 446-465: SEM_COMUM | Z15: Domínio: Web Ecossistema: React Linguagens: JavaScript Match (requisitos do projeto): DOM: M (0/2)[] S (1/1)[web] C (0/1)[] ECO: M (0/1)[] S (1/3)[react] C (0/1)[] LING: M (0/2)[] S (1/1)[javascript] C (0/2)[] Colaboração (somente com membros desta equipe): 152-104: SEM_COMUM 152-446: SEM_COMUM 152-465: SEM_COMUM | AA15: Domínio: Web Ecossistema: Spring Boot Linguagens: Java Match (requisitos do projeto): DOM: M (0/2)[] S (1/1)[web] C (0/1)[] ECO: M (0/1)[] S (0/3)[] C (0/1)[] LING: M (0/2)[] S (0/1)[] C (1/2)[java] Colaboração (somente com membros desta equipe): 465-104: SEM_COMUM 465-152: SEM_COMUM 465-446: SEM_COMUM
C16: P3-TEAM2 | D16: Dev362 | E16: Dev242 | F16: Dev450 | G16: Dev161 | H16: 4 | I16: 4 | K16: DOM M(0/2)[] S(1/1)[web] C(1/1)[desktop] | ECO M(0/1)[] S(1/3)[react] C(0/1)[] | LING M(0/2)[] S(1/1)[javascript] C(0/2)[] | L16: =IFERROR(__xludf.DUMMYFUNCTION("IFERROR(REGEXEXTRACT($K16,""DOM\s*M\((\d+/\d+)\)""),"""") "),"0/2") -> 0/2 | M16: =IFERROR(__xludf.DUMMYFUNCTION("IFERROR(REGEXEXTRACT($K16,""DOM.*?S\((\d+/\d+)\)""),"""") "),"1/1") -> 1/1 | N16: =IFERROR(__xludf.DUMMYFUNCTION("IFERROR(REGEXEXTRACT($K16,""DOM.*?C\((\d+/\d+)\)""),"""") "),"1/1") -> 1/1 | O16: =IFERROR(__xludf.DUMMYFUNCTION("IFERROR(REGEXEXTRACT($K16,""ECO\s*M\((\d+/\d+)\)""),"""") "),"0/1") -> 0/1 | P16: =IFERROR(__xludf.DUMMYFUNCTION("IFERROR(REGEXEXTRACT($K16,""ECO.*?S\((\d+/\d+)\)""),"""") "),"1/3") -> 1/3 | Q16: =IFERROR(__xludf.DUMMYFUNCTION("IFERROR(REGEXEXTRACT($K16,""ECO.*?C\((\d+/\d+)\)""),"""") "),"0/1") -> 0/1 | R16: =IFERROR(__xludf.DUMMYFUNCTION("IFERROR(REGEXEXTRACT($K16,""LING\s*M\((\d+/\d+)\)""),"""") "),"0/2") -> 0/2 | S16: =IFERROR(__xludf.DUMMYFUNCTION("IFERROR(REGEXEXTRACT($K16,""LING.*?S\((\d+/\d+)\)""),"""") "),"1/1") -> 1/1 | T16: =IFERROR(__xludf.DUMMYFUNCTION("IFERROR(REGEXEXTRACT($K16,""LING[^|]*C\(([0-9]+/[0-9]+)\)""),"""") "),"0/2") -> 0/2 | U16: =IFERROR(__xludf.DUMMYFUNCTION("AND( VALUE(INDEX(SPLIT(L16,""/""),1))=VALUE(INDEX(SPLIT(L16,""/""),2)), VALUE(INDEX(SPLIT(O16,""/""),1))=VALUE(INDEX(SPLIT(O16,""/""),2)), VALUE(INDEX(SPLIT(R16,""/""),1))=VALUE(INDEX(SPLIT(R16,""/""),2)) ) "),FALSE) -> FALSE | V16: =IFERROR(__xludf.DUMMYFUNCTION("IF($U16=TRUE,""OK"", TEXTJOIN("" | "",TRUE, IF(VALUE(INDEX(SPLIT($L16,""/""),2))-VALUE(INDEX(SPLIT($L16,""/""),1))>0, ""DOM faltam ""&(VALUE(INDEX(SPLIT($L16,""/""),2))-VALUE(INDEX(SPLIT($L16,""/""),1))), """"), IF(VALUE(INDEX(SPLIT($O16,""/"")"&",2))-VALUE(INDEX(SPLIT($O16,""/""),1))>0, ""ECO faltam ""&(VALUE(INDEX(SPLIT($O16,""/""),2))-VALUE(INDEX(SPLIT($O16,""/""),1))), """"), IF(VALUE(INDEX(SPLIT($R16,""/""),2))-VALUE(INDEX(SPLIT($R16,""/""),1))>0, ""LING faltam ""&(VALUE(INDEX(SPL"&"IT($R16,""/""),2))-VALUE(INDEX(SPLIT($R16,""/""),1))), """") ) ) "),"DOM faltam 2 | ECO faltam 1 | LING faltam 2") -> DOM faltam 2 | ECO faltam 1 | LING faltam 2 | W16: =IFERROR(__xludf.DUMMYFUNCTION(" (VALUE(INDEX(SPLIT(L16,""/""),2))-VALUE(INDEX(SPLIT(L16,""/""),1))) + (VALUE(INDEX(SPLIT(O16,""/""),2))-VALUE(INDEX(SPLIT(O16,""/""),1))) + (VALUE(INDEX(SPLIT(R16,""/""),2))-VALUE(INDEX(SPLIT(R16,""/""),1))) "),5.0) -> 5 | X16: Domínio: Web Ecossistema: React Linguagens: JavaScript Match (requisitos do projeto): DOM: M (0/2)[] S (1/1)[web] C (0/1)[] ECO: M (0/1)[] S (1/3)[react] C (0/1)[] LING: M (0/2)[] S (1/1)[javascript] C (0/2)[] Colaboração (somente com membros desta equipe): 362-161: SEM_COMUM 362-242: SEM_COMUM 362-450: SEM_COMUM | Y16: Domínio: Web Ecossistema: Node.js Linguagens: JavaScript Match (requisitos do projeto): DOM: M (0/2)[] S (1/1)[web] C (0/1)[] ECO: M (0/1)[] S (0/3)[] C (0/1)[] LING: M (0/2)[] S (1/1)[javascript] C (0/2)[] Colaboração (somente com membros desta equipe): 242-161: SEM_COMUM 242-362: SEM_COMUM 242-450: SEM_COMUM | Z16: Domínio: Desktop Ecossistema: .NET Linguagens: C# Match (requisitos do projeto): DOM: M (0/2)[] S (0/1)[] C (1/1)[desktop] ECO: M (0/1)[] S (0/3)[] C (0/1)[] LING: M (0/2)[] S (0/1)[] C (0/2)[] Colaboração (somente com membros desta equipe): 450-161: SEM_COMUM 450-242: SEM_COMUM 450-362: SEM_COMUM | AA16: Domínio: nan Ecossistema: nan Linguagens: JavaScript Match (requisitos do projeto): DOM: M (0/2)[] S (0/1)[] C (0/1)[] ECO: M (0/1)[] S (0/3)[] C (0/1)[] LING: M (0/2)[] S (1/1)[javascript] C (0/2)[] Colaboração (somente com membros desta equipe): 161-242: SEM_COMUM 161-362: SEM_COMUM 161-450: SEM_COMUM
C17: P3-TEAM3 | D17: Dev362 | E17: Dev354 | F17: Dev495 | G17: Dev458 | H17: 3 | I17: 3 | K17: DOM M(0/2)[] S(1/1)[web] C(0/1)[] | ECO M(0/1)[] S(1/3)[react] C(0/1)[] | LING M(0/2)[] S(1/1)[javascript] C(1/2)[java] | L17: =IFERROR(__xludf.DUMMYFUNCTION("IFERROR(REGEXEXTRACT($K17,""DOM\s*M\((\d+/\d+)\)""),"""") "),"0/2") -> 0/2 | M17: =IFERROR(__xludf.DUMMYFUNCTION("IFERROR(REGEXEXTRACT($K17,""DOM.*?S\((\d+/\d+)\)""),"""") "),"1/1") -> 1/1 | N17: =IFERROR(__xludf.DUMMYFUNCTION("IFERROR(REGEXEXTRACT($K17,""DOM.*?C\((\d+/\d+)\)""),"""") "),"0/1") -> 0/1 | O17: =IFERROR(__xludf.DUMMYFUNCTION("IFERROR(REGEXEXTRACT($K17,""ECO\s*M\((\d+/\d+)\)""),"""") "),"0/1") -> 0/1 | P17: =IFERROR(__xludf.DUMMYFUNCTION("IFERROR(REGEXEXTRACT($K17,""ECO.*?S\((\d+/\d+)\)""),"""") "),"1/3") -> 1/3 | Q17: =IFERROR(__xludf.DUMMYFUNCTION("IFERROR(REGEXEXTRACT($K17,""ECO.*?C\((\d+/\d+)\)""),"""") "),"0/1") -> 0/1 | R17: =IFERROR(__xludf.DUMMYFUNCTION("IFERROR(REGEXEXTRACT($K17,""LING\s*M\((\d+/\d+)\)""),"""") "),"0/2") -> 0/2 | S17: =IFERROR(__xludf.DUMMYFUNCTION("IFERROR(REGEXEXTRACT($K17,""LING.*?S\((\d+/\d+)\)""),"""") "),"1/1") -> 1/1 | T17: =IFERROR(__xludf.DUMMYFUNCTION("IFERROR(REGEXEXTRACT($K17,""LING[^|]*C\(([0-9]+/[0-9]+)\)""),"""") "),"1/2") -> 1/2 | U17: =IFERROR(__xludf.DUMMYFUNCTION("AND( VALUE(INDEX(SPLIT(L17,""/""),1))=VALUE(INDEX(SPLIT(L17,""/""),2)), VALUE(INDEX(SPLIT(O17,""/""),1))=VALUE(INDEX(SPLIT(O17,""/""),2)), VALUE(INDEX(SPLIT(R17,""/""),1))=VALUE(INDEX(SPLIT(R17,""/""),2)) ) "),FALSE) -> FALSE | V17: =IFERROR(__xludf.DUMMYFUNCTION("IF($U17=TRUE,""OK"", TEXTJOIN("" | "",TRUE, IF(VALUE(INDEX(SPLIT($L17,""/""),2))-VALUE(INDEX(SPLIT($L17,""/""),1))>0, ""DOM faltam ""&(VALUE(INDEX(SPLIT($L17,""/""),2))-VALUE(INDEX(SPLIT($L17,""/""),1))), """"), IF(VALUE(INDEX(SPLIT($O17,""/"")"&",2))-VALUE(INDEX(SPLIT($O17,""/""),1))>0, ""ECO faltam ""&(VALUE(INDEX(SPLIT($O17,""/""),2))-VALUE(INDEX(SPLIT($O17,""/""),1))), """"), IF(VALUE(INDEX(SPLIT($R17,""/""),2))-VALUE(INDEX(SPLIT($R17,""/""),1))>0, ""LING faltam ""&(VALUE(INDEX(SPL"&"IT($R17,""/""),2))-VALUE(INDEX(SPLIT($R17,""/""),1))), """") ) ) "),"DOM faltam 2 | ECO faltam 1 | LING faltam 2") -> DOM faltam 2 | ECO faltam 1 | LING faltam 2 | W17: =IFERROR(__xludf.DUMMYFUNCTION(" (VALUE(INDEX(SPLIT(L17,""/""),2))-VALUE(INDEX(SPLIT(L17,""/""),1))) + (VALUE(INDEX(SPLIT(O17,""/""),2))-VALUE(INDEX(SPLIT(O17,""/""),1))) + (VALUE(INDEX(SPLIT(R17,""/""),2))-VALUE(INDEX(SPLIT(R17,""/""),1))) "),5.0) -> 5 | X17: Domínio: Web Ecossistema: React Linguagens: JavaScript Match (requisitos do projeto): DOM: M (0/2)[] S (1/1)[web] C (0/1)[] ECO: M (0/1)[] S (1/3)[react] C (0/1)[] LING: M (0/2)[] S (1/1)[javascript] C (0/2)[] Colaboração (somente com membros desta equipe): 362-354: SEM_COMUM 362-458: SEM_COMUM 362-495: SEM_COMUM | Y17: Domínio: Web Ecossistema: Node.js Linguagens: JavaScript Match (requisitos do projeto): DOM: M (0/2)[] S (1/1)[web] C (0/1)[] ECO: M (0/1)[] S (0/3)[] C (0/1)[] LING: M (0/2)[] S (1/1)[javascript] C (0/2)[] Colaboração (somente com membros desta equipe): 354-362: SEM_COMUM 354-458: SEM_COMUM 354-495: SEM_COMUM | Z17: Domínio: Web Ecossistema: Spring Boot Linguagens: Java Match (requisitos do projeto): DOM: M (0/2)[] S (1/1)[web] C (0/1)[] ECO: M (0/1)[] S (0/3)[] C (0/1)[] LING: M (0/2)[] S (0/1)[] C (1/2)[java] Colaboração (somente com membros desta equipe): 495-354: SEM_COMUM 495-362: SEM_COMUM 495-458: SEM_COMUM | AA17: Domínio: Mobile Ecossistema: iOS/iPadOS Linguagens: Swift Match (requisitos do projeto): DOM: M (0/2)[] S (0/1)[] C (0/1)[] ECO: M (0/1)[] S (0/3)[] C (0/1)[] LING: M (0/2)[] S (0/1)[] C (0/2)[] Colaboração (somente com membros desta equipe): 458-354: SEM_COMUM 458-362: SEM_COMUM 458-495: SEM_COMUM
C18: P3-TEAM4 | D18: Dev439 | E18: Dev16 | F18: Dev209 | G18: Dev463 | H18: 5 | I18: 5 | K18: DOM M(0/2)[] S(1/1)[web] C(0/1)[] | ECO M(0/1)[] S(1/3)[react] C(0/1)[] | LING M(0/2)[] S(1/1)[javascript] C(0/2)[] | L18: =IFERROR(__xludf.DUMMYFUNCTION("IFERROR(REGEXEXTRACT($K18,""DOM\s*M\((\d+/\d+)\)""),"""") "),"0/2") -> 0/2 | M18: =IFERROR(__xludf.DUMMYFUNCTION("IFERROR(REGEXEXTRACT($K18,""DOM.*?S\((\d+/\d+)\)""),"""") "),"1/1") -> 1/1 | N18: =IFERROR(__xludf.DUMMYFUNCTION("IFERROR(REGEXEXTRACT($K18,""DOM.*?C\((\d+/\d+)\)""),"""") "),"0/1") -> 0/1 | O18: =IFERROR(__xludf.DUMMYFUNCTION("IFERROR(REGEXEXTRACT($K18,""ECO\s*M\((\d+/\d+)\)""),"""") "),"0/1") -> 0/1 | P18: =IFERROR(__xludf.DUMMYFUNCTION("IFERROR(REGEXEXTRACT($K18,""ECO.*?S\((\d+/\d+)\)""),"""") "),"1/3") -> 1/3 | Q18: =IFERROR(__xludf.DUMMYFUNCTION("IFERROR(REGEXEXTRACT($K18,""ECO.*?C\((\d+/\d+)\)""),"""") "),"0/1") -> 0/1 | R18: =IFERROR(__xludf.DUMMYFUNCTION("IFERROR(REGEXEXTRACT($K18,""LING\s*M\((\d+/\d+)\)""),"""") "),"0/2") -> 0/2 | S18: =IFERROR(__xludf.DUMMYFUNCTION("IFERROR(REGEXEXTRACT($K18,""LING.*?S\((\d+/\d+)\)""),"""") "),"1/1") -> 1/1 | T18: =IFERROR(__xludf.DUMMYFUNCTION("IFERROR(REGEXEXTRACT($K18,""LING[^|]*C\(([0-9]+/[0-9]+)\)""),"""") "),"0/2") -> 0/2 | U18: =IFERROR(__xludf.DUMMYFUNCTION("AND( VALUE(INDEX(SPLIT(L18,""/""),1))=VALUE(INDEX(SPLIT(L18,""/""),2)), VALUE(INDEX(SPLIT(O18,""/""),1))=VALUE(INDEX(SPLIT(O18,""/""),2)), VALUE(INDEX(SPLIT(R18,""/""),1))=VALUE(INDEX(SPLIT(R18,""/""),2)) ) "),FALSE) -> FALSE | V18: =IFERROR(__xludf.DUMMYFUNCTION("IF($U18=TRUE,""OK"", TEXTJOIN("" | "",TRUE, IF(VALUE(INDEX(SPLIT($L18,""/""),2))-VALUE(INDEX(SPLIT($L18,""/""),1))>0, ""DOM faltam ""&(VALUE(INDEX(SPLIT($L18,""/""),2))-VALUE(INDEX(SPLIT($L18,""/""),1))), """"), IF(VALUE(INDEX(SPLIT($O18,""/"")"&",2))-VALUE(INDEX(SPLIT($O18,""/""),1))>0, ""ECO faltam ""&(VALUE(INDEX(SPLIT($O18,""/""),2))-VALUE(INDEX(SPLIT($O18,""/""),1))), """"), IF(VALUE(INDEX(SPLIT($R18,""/""),2))-VALUE(INDEX(SPLIT($R18,""/""),1))>0, ""LING faltam ""&(VALUE(INDEX(SPL"&"IT($R18,""/""),2))-VALUE(INDEX(SPLIT($R18,""/""),1))), """") ) ) "),"DOM faltam 2 | ECO faltam 1 | LING faltam 2") -> DOM faltam 2 | ECO faltam 1 | LING faltam 2 | W18: =IFERROR(__xludf.DUMMYFUNCTION(" (VALUE(INDEX(SPLIT(L18,""/""),2))-VALUE(INDEX(SPLIT(L18,""/""),1))) + (VALUE(INDEX(SPLIT(O18,""/""),2))-VALUE(INDEX(SPLIT(O18,""/""),1))) + (VALUE(INDEX(SPLIT(R18,""/""),2))-VALUE(INDEX(SPLIT(R18,""/""),1))) "),5.0) -> 5 | X18: Domínio: Web Ecossistema: React Linguagens: JavaScript Match (requisitos do projeto): DOM: M (0/2)[] S (1/1)[web] C (0/1)[] ECO: M (0/1)[] S (1/3)[react] C (0/1)[] LING: M (0/2)[] S (1/1)[javascript] C (0/2)[] Colaboração (somente com membros desta equipe): 439-16: SEM_COMUM 439-209: SEM_COMUM 439-463: SEM_COMUM | Y18: Domínio: nan Ecossistema: iOS/iPadOS Linguagens: nan Match (requisitos do projeto): DOM: M (0/2)[] S (0/1)[] C (0/1)[] ECO: M (0/1)[] S (0/3)[] C (0/1)[] LING: M (0/2)[] S (0/1)[] C (0/2)[] Colaboração (somente com membros desta equipe): 16-209: SEM_COMUM 16-439: SEM_COMUM 16-463: SEM_COMUM | Z18: Domínio: Web Ecossistema: Node.js Linguagens: JavaScript Match (requisitos do projeto): DOM: M (0/2)[] S (1/1)[web] C (0/1)[] ECO: M (0/1)[] S (0/3)[] C (0/1)[] LING: M (0/2)[] S (1/1)[javascript] C (0/2)[] Colaboração (somente com membros desta equipe): 209-16: SEM_COMUM 209-439: SEM_COMUM 209-463: SEM_COMUM | AA18: Domínio: Web Ecossistema: Vue Linguagens: JavaScript Match (requisitos do projeto): DOM: M (0/2)[] S (1/1)[web] C (0/1)[] ECO: M (0/1)[] S (0/3)[] C (0/1)[] LING: M (0/2)[] S (1/1)[javascript] C (0/2)[] Colaboração (somente com membros desta equipe): 463-16: SEM_COMUM 463-209: SEM_COMUM 463-439: SEM_COMUM
L19: =IFERROR(__xludf.DUMMYFUNCTION("IFERROR(REGEXEXTRACT($K19,""DOM\s*M\((\d+/\d+)\)""),"""") "),"") | M19: =IFERROR(__xludf.DUMMYFUNCTION("IFERROR(REGEXEXTRACT($K19,""DOM.*?S\((\d+/\d+)\)""),"""") "),"") | N19: =IFERROR(__xludf.DUMMYFUNCTION("IFERROR(REGEXEXTRACT($K19,""DOM.*?C\((\d+/\d+)\)""),"""") "),"") | O19: =IFERROR(__xludf.DUMMYFUNCTION("IFERROR(REGEXEXTRACT($K19,""ECO\s*M\((\d+/\d+)\)""),"""") "),"") | P19: =IFERROR(__xludf.DUMMYFUNCTION("IFERROR(REGEXEXTRACT($K19,""ECO.*?S\((\d+/\d+)\)""),"""") "),"") | Q19: =IFERROR(__xludf.DUMMYFUNCTION("IFERROR(REGEXEXTRACT($K19,""ECO.*?C\((\d+/\d+)\)""),"""") "),"") | R19: =IFERROR(__xludf.DUMMYFUNCTION("IFERROR(REGEXEXTRACT($K19,""LING\s*M\((\d+/\d+)\)""),"""") "),"") | S19: =IFERROR(__xludf.DUMMYFUNCTION("IFERROR(REGEXEXTRACT($K19,""LING.*?S\((\d+/\d+)\)""),"""") "),"") | T19: =IFERROR(__xludf.DUMMYFUNCTION("IFERROR(REGEXEXTRACT($K19,""LING[^|]*C\(([0-9]+/[0-9]+)\)""),"""") "),"")
A20: P4 | B20: =IFERROR(VLOOKUP(A20,Projetos!$A$2:$C$7,2,FALSE),"") -> Web Analytic Reports SaaS | C20: P4-TEAM0 | D20: Dev263 | E20: Dev241 | F20: Dev303 | G20: Dev548 | H20: 2 | I20: 2 | K20: DOM M(1/1)[web] S(0/1)[] C(1/1)[desktop] | ECO M(0/1)[] S(0/2)[] C(0/1)[] | LING M(1/1)[javascript] S(0/2)[] C(1/2)[c#] | L20: =IFERROR(__xludf.DUMMYFUNCTION("IFERROR(REGEXEXTRACT($K20,""DOM\s*M\((\d+/\d+)\)""),"""") "),"1/1") -> 1/1 | M20: =IFERROR(__xludf.DUMMYFUNCTION("IFERROR(REGEXEXTRACT($K20,""DOM.*?S\((\d+/\d+)\)""),"""") "),"0/1") -> 0/1 | N20: =IFERROR(__xludf.DUMMYFUNCTION("IFERROR(REGEXEXTRACT($K20,""DOM.*?C\((\d+/\d+)\)""),"""") "),"1/1") -> 1/1 | O20: =IFERROR(__xludf.DUMMYFUNCTION("IFERROR(REGEXEXTRACT($K20,""ECO\s*M\((\d+/\d+)\)""),"""") "),"0/1") -> 0/1 | P20: =IFERROR(__xludf.DUMMYFUNCTION("IFERROR(REGEXEXTRACT($K20,""ECO.*?S\((\d+/\d+)\)""),"""") "),"0/2") -> 0/2 | Q20: =IFERROR(__xludf.DUMMYFUNCTION("IFERROR(REGEXEXTRACT($K20,""ECO.*?C\((\d+/\d+)\)""),"""") "),"0/1") -> 0/1 | R20: =IFERROR(__xludf.DUMMYFUNCTION("IFERROR(REGEXEXTRACT($K20,""LING\s*M\((\d+/\d+)\)""),"""") "),"1/1") -> 1/1 | S20: =IFERROR(__xludf.DUMMYFUNCTION("IFERROR(REGEXEXTRACT($K20,""LING.*?S\((\d+/\d+)\)""),"""") "),"0/2") -> 0/2 | T20: =IFERROR(__xludf.DUMMYFUNCTION("IFERROR(REGEXEXTRACT($K20,""LING[^|]*C\(([0-9]+/[0-9]+)\)""),"""") "),"1/2") -> 1/2 | U20: =IFERROR(__xludf.DUMMYFUNCTION("AND( VALUE(INDEX(SPLIT(L20,""/""),1))=VALUE(INDEX(SPLIT(L20,""/""),2)), VALUE(INDEX(SPLIT(O20,""/""),1))=VALUE(INDEX(SPLIT(O20,""/""),2)), VALUE(INDEX(SPLIT(R20,""/""),1))=VALUE(INDEX(SPLIT(R20,""/""),2)) ) "),FALSE) -> FALSE | V20: =IFERROR(__xludf.DUMMYFUNCTION("IF($U20=TRUE,""OK"", TEXTJOIN("" | "",TRUE, IF(VALUE(INDEX(SPLIT($L20,""/""),2))-VALUE(INDEX(SPLIT($L20,""/""),1))>0, ""DOM faltam ""&(VALUE(INDEX(SPLIT($L20,""/""),2))-VALUE(INDEX(SPLIT($L20,""/""),1))), """"), IF(VALUE(INDEX(SPLIT($O20,""/"")"&",2))-VALUE(INDEX(SPLIT($O20,""/""),1))>0, ""ECO faltam ""&(VALUE(INDEX(SPLIT($O20,""/""),2))-VALUE(INDEX(SPLIT($O20,""/""),1))), """"), IF(VALUE(INDEX(SPLIT($R20,""/""),2))-VALUE(INDEX(SPLIT($R20,""/""),1))>0, ""LING faltam ""&(VALUE(INDEX(SPL"&"IT($R20,""/""),2))-VALUE(INDEX(SPLIT($R20,""/""),1))), """") ) ) "),"ECO faltam 1") -> ECO faltam 1 | W20: =IFERROR(__xludf.DUMMYFUNCTION(" (VALUE(INDEX(SPLIT(L20,""/""),2))-VALUE(INDEX(SPLIT(L20,""/""),1))) + (VALUE(INDEX(SPLIT(O20,""/""),2))-VALUE(INDEX(SPLIT(O20,""/""),1))) + (VALUE(INDEX(SPLIT(R20,""/""),2))-VALUE(INDEX(SPLIT(R20,""/""),1))) "),1.0) -> 1 | X20: Domínio: Web Ecossistema: Vue Linguagens: JavaScript Match (requisitos do projeto): DOM: M (1/1)[web] S (0/1)[] C (0/1)[] ECO: M (0/1)[] S (0/2)[] C (0/1)[] LING: M (1/1)[javascript] S (0/2)[] C (0/2)[] Colaboração (somente com membros desta equipe): 263-241: SEM_COMUM 263-303: SEM_COMUM 263-548: SEM_COMUM | Y20: Domínio: Web Ecossistema: Node.js Linguagens: JavaScript Match (requisitos do projeto): DOM: M (1/1)[web] S (0/1)[] C (0/1)[] ECO: M (0/1)[] S (0/2)[] C (0/1)[] LING: M (1/1)[javascript] S (0/2)[] C (0/2)[] Colaboração (somente com membros desta equipe): 241-263: SEM_COMUM 241-303: SEM_COMUM 241-548: SEM_COMUM | Z20: Domínio: Desktop Ecossistema: .NET Linguagens: C# Match (requisitos do projeto): DOM: M (0/1)[] S (0/1)[] C (1/1)[desktop] ECO: M (0/1)[] S (0/2)[] C (0/1)[] LING: M (0/1)[] S (0/2)[] C (1/2)[c#] Colaboração (somente com membros desta equipe): 303-241: SEM_COMUM 303-263: SEM_COMUM 303-548: SEM_COMUM | AA20: Domínio: Mobile Ecossistema: iOS/iPadOS Linguagens: Swift Match (requisitos do projeto): DOM: M (0/1)[] S (0/1)[] C (0/1)[] ECO: M (0/1)[] S (0/2)[] C (0/1)[] LING: M (0/1)[] S (0/2)[] C (0/2)[] Colaboração (somente com membros desta equipe): 548-241: SEM_COMUM 548-263: SEM_COMUM 548-303: SEM_COMUM
B21: =IFERROR( "DOM M["&VLOOKUP($A20,Projetos!$A:$L,4,FALSE)&"] S["&VLOOKUP($A20,Projetos!$A:$L,5,FALSE)&"] C["&VLOOKUP($A20,Projetos!$A:$L,6,FALSE)&"]"&CHAR(10)& "ECO M["&VLOOKUP($A20,Projetos!$A:$L,7,FALSE)&"] S["&VLOOKUP($A20,Projetos!$A:$L,8,FALSE)&"] C["&VLOOKUP($A20,Projetos!$A:$L,9,FALSE)&"]"&CHAR(10)& "LING M["&VLOOKUP($A20,Projetos!$A:$L,10,FALSE)&"] S["&VLOOKUP($A20,Projetos!$A:$L,11,FALSE)&"] C["&VLOOKUP($A20,Projetos!$A:$L,12,FALSE)&"]" ,"") -> DOM M[Web] S[Cloud] C[Desktop] ECO M[MongoDB] S[Angular, React] C[AWS Lambda] LING M[JavaScript] S[TypeScript, Python] C[Java, C#] | C21: P4-TEAM1 | D21: Dev145 | E21: Dev38 | F21: Dev225 | G21: Dev263 | H21: 3 | I21: 3 | K21: DOM M(1/1)[web] S(0/1)[] C(0/1)[] | ECO M(0/1)[] S(1/2)[react] C(0/1)[] | LING M(1/1)[javascript] S(0/2)[] C(0/2)[] | L21: =IFERROR(__xludf.DUMMYFUNCTION("IFERROR(REGEXEXTRACT($K21,""DOM\s*M\((\d+/\d+)\)""),"""") "),"1/1") -> 1/1 | M21: =IFERROR(__xludf.DUMMYFUNCTION("IFERROR(REGEXEXTRACT($K21,""DOM.*?S\((\d+/\d+)\)""),"""") "),"0/1") -> 0/1 | N21: =IFERROR(__xludf.DUMMYFUNCTION("IFERROR(REGEXEXTRACT($K21,""DOM.*?C\((\d+/\d+)\)""),"""") "),"0/1") -> 0/1 | O21: =IFERROR(__xludf.DUMMYFUNCTION("IFERROR(REGEXEXTRACT($K21,""ECO\s*M\((\d+/\d+)\)""),"""") "),"0/1") -> 0/1 | P21: =IFERROR(__xludf.DUMMYFUNCTION("IFERROR(REGEXEXTRACT($K21,""ECO.*?S\((\d+/\d+)\)""),"""") "),"1/2") -> 1/2 | Q21: =IFERROR(__xludf.DUMMYFUNCTION("IFERROR(REGEXEXTRACT($K21,""ECO.*?C\((\d+/\d+)\)""),"""") "),"0/1") -> 0/1 | R21: =IFERROR(__xludf.DUMMYFUNCTION("IFERROR(REGEXEXTRACT($K21,""LING\s*M\((\d+/\d+)\)""),"""") "),"1/1") -> 1/1 | S21: =IFERROR(__xludf.DUMMYFUNCTION("IFERROR(REGEXEXTRACT($K21,""LING.*?S\((\d+/\d+)\)""),"""") "),"0/2") -> 0/2 | T21: =IFERROR(__xludf.DUMMYFUNCTION("IFERROR(REGEXEXTRACT($K21,""LING[^|]*C\(([0-9]+/[0-9]+)\)""),"""") "),"0/2") -> 0/2 | U21: =IFERROR(__xludf.DUMMYFUNCTION("AND( VALUE(INDEX(SPLIT(L21,""/""),1))=VALUE(INDEX(SPLIT(L21,""/""),2)), VALUE(INDEX(SPLIT(O21,""/""),1))=VALUE(INDEX(SPLIT(O21,""/""),2)), VALUE(INDEX(SPLIT(R21,""/""),1))=VALUE(INDEX(SPLIT(R21,""/""),2)) ) "),FALSE) -> FALSE | V21: =IFERROR(__xludf.DUMMYFUNCTION("IF($U21=TRUE,""OK"", TEXTJOIN("" | "",TRUE, IF(VALUE(INDEX(SPLIT($L21,""/""),2))-VALUE(INDEX(SPLIT($L21,""/""),1))>0, ""DOM faltam ""&(VALUE(INDEX(SPLIT($L21,""/""),2))-VALUE(INDEX(SPLIT($L21,""/""),1))), """"), IF(VALUE(INDEX(SPLIT($O21,""/"")"&",2))-VALUE(INDEX(SPLIT($O21,""/""),1))>0, ""ECO faltam ""&(VALUE(INDEX(SPLIT($O21,""/""),2))-VALUE(INDEX(SPLIT($O21,""/""),1))), """"), IF(VALUE(INDEX(SPLIT($R21,""/""),2))-VALUE(INDEX(SPLIT($R21,""/""),1))>0, ""LING faltam ""&(VALUE(INDEX(SPL"&"IT($R21,""/""),2))-VALUE(INDEX(SPLIT($R21,""/""),1))), """") ) ) "),"ECO faltam 1") -> ECO faltam 1 | W21: =IFERROR(__xludf.DUMMYFUNCTION(" (VALUE(INDEX(SPLIT(L21,""/""),2))-VALUE(INDEX(SPLIT(L21,""/""),1))) + (VALUE(INDEX(SPLIT(O21,""/""),2))-VALUE(INDEX(SPLIT(O21,""/""),1))) + (VALUE(INDEX(SPLIT(R21,""/""),2))-VALUE(INDEX(SPLIT(R21,""/""),1))) "),1.0) -> 1 | X21: Domínio: IoT, Web Ecossistema: iOS/iPadOS Linguagens: JSON, JavaScript Match (requisitos do projeto): DOM: M (1/1)[web] S (0/1)[] C (0/1)[] ECO: M (0/1)[] S (0/2)[] C (0/1)[] LING: M (1/1)[javascript] S (0/2)[] C (0/2)[] Colaboração (somente com membros desta equipe): 145-38: SEM_COMUM 145-225: SEM_COMUM 145-263: P179(,osf=0.489,slf=0.711); P201(,osf=0.535,slf=0.596) | Y21: Domínio: Web Ecossistema: iOS/iPadOS Linguagens: nan Match (requisitos do projeto): DOM: M (1/1)[web] S (0/1)[] C (0/1)[] ECO: M (0/1)[] S (0/2)[] C (0/1)[] LING: M (0/1)[] S (0/2)[] C (0/2)[] Colaboração (somente com membros desta equipe): 38-145: SEM_COMUM 38-225: P82(,osf=0.567,slf=0.737) 38-263: SEM_COMUM | Z21: Domínio: Web Ecossistema: React Linguagens: JavaScript Match (requisitos do projeto): DOM: M (1/1)[web] S (0/1)[] C (0/1)[] ECO: M (0/1)[] S (1/2)[react] C (0/1)[] LING: M (1/1)[javascript] S (0/2)[] C (0/2)[] Colaboração (somente com membros desta equipe): 225-38: P82(,osf=0.567,slf=0.737) 225-145: SEM_COMUM 225-263: SEM_COMUM | AA21: Domínio: Web Ecossistema: Vue Linguagens: JavaScript Match (requisitos do projeto): DOM: M (1/1)[web] S (0/1)[] C (0/1)[] ECO: M (0/1)[] S (0/2)[] C (0/1)[] LING: M (1/1)[javascript] S (0/2)[] C (0/2)[] Colaboração (somente com membros desta equipe): 263-38: SEM_COMUM 263-145: SEM_COMUM 263-225: SEM_COMUM
C22: P4-TEAM2 | D22: Dev193 | E22: Dev194 | F22: Dev7 | G22: Dev154 | H22: 1 | I22: 1 | K22: DOM M(1/1)[web] S(1/1)[cloud] C(0/1)[] | ECO M(0/1)[] S(1/2)[react] C(1/1)[aws lambda] | LING M(1/1)[javascript] S(1/2)[python] C(1/2)[java] | L22: =IFERROR(__xludf.DUMMYFUNCTION("IFERROR(REGEXEXTRACT($K22,""DOM\s*M\((\d+/\d+)\)""),"""") "),"1/1") -> 1/1 | M22: =IFERROR(__xludf.DUMMYFUNCTION("IFERROR(REGEXEXTRACT($K22,""DOM.*?S\((\d+/\d+)\)""),"""") "),"1/1") -> 1/1 | N22: =IFERROR(__xludf.DUMMYFUNCTION("IFERROR(REGEXEXTRACT($K22,""DOM.*?C\((\d+/\d+)\)""),"""") "),"0/1") -> 0/1 | O22: =IFERROR(__xludf.DUMMYFUNCTION("IFERROR(REGEXEXTRACT($K22,""ECO\s*M\((\d+/\d+)\)""),"""") "),"0/1") -> 0/1 | P22: =IFERROR(__xludf.DUMMYFUNCTION("IFERROR(REGEXEXTRACT($K22,""ECO.*?S\((\d+/\d+)\)""),"""") "),"1/2") -> 1/2 | Q22: =IFERROR(__xludf.DUMMYFUNCTION("IFERROR(REGEXEXTRACT($K22,""ECO.*?C\((\d+/\d+)\)""),"""") "),"1/1") -> 1/1 | R22: =IFERROR(__xludf.DUMMYFUNCTION("IFERROR(REGEXEXTRACT($K22,""LING\s*M\((\d+/\d+)\)""),"""") "),"1/1") -> 1/1 | S22: =IFERROR(__xludf.DUMMYFUNCTION("IFERROR(REGEXEXTRACT($K22,""LING.*?S\((\d+/\d+)\)""),"""") "),"1/2") -> 1/2 | T22: =IFERROR(__xludf.DUMMYFUNCTION("IFERROR(REGEXEXTRACT($K22,""LING[^|]*C\(([0-9]+/[0-9]+)\)""),"""") "),"1/2") -> 1/2 | U22: =IFERROR(__xludf.DUMMYFUNCTION("AND( VALUE(INDEX(SPLIT(L22,""/""),1))=VALUE(INDEX(SPLIT(L22,""/""),2)), VALUE(INDEX(SPLIT(O22,""/""),1))=VALUE(INDEX(SPLIT(O22,""/""),2)), VALUE(INDEX(SPLIT(R22,""/""),1))=VALUE(INDEX(SPLIT(R22,""/""),2)) ) "),FALSE) -> FALSE | V22: =IFERROR(__xludf.DUMMYFUNCTION("IF($U22=TRUE,""OK"", TEXTJOIN("" | "",TRUE, IF(VALUE(INDEX(SPLIT($L22,""/""),2))-VALUE(INDEX(SPLIT($L22,""/""),1))>0, ""DOM faltam ""&(VALUE(INDEX(SPLIT($L22,""/""),2))-VALUE(INDEX(SPLIT($L22,""/""),1))), """"), IF(VALUE(INDEX(SPLIT($O22,""/"")"&",2))-VALUE(INDEX(SPLIT($O22,""/""),1))>0, ""ECO faltam ""&(VALUE(INDEX(SPLIT($O22,""/""),2))-VALUE(INDEX(SPLIT($O22,""/""),1))), """"), IF(VALUE(INDEX(SPLIT($R22,""/""),2))-VALUE(INDEX(SPLIT($R22,""/""),1))>0, ""LING faltam ""&(VALUE(INDEX(SPL"&"IT($R22,""/""),2))-VALUE(INDEX(SPLIT($R22,""/""),1))), """") ) ) "),"ECO faltam 1") -> ECO faltam 1 | W22: =IFERROR(__xludf.DUMMYFUNCTION(" (VALUE(INDEX(SPLIT(L22,""/""),2))-VALUE(INDEX(SPLIT(L22,""/""),1))) + (VALUE(INDEX(SPLIT(O22,""/""),2))-VALUE(INDEX(SPLIT(O22,""/""),1))) + (VALUE(INDEX(SPLIT(R22,""/""),2))-VALUE(INDEX(SPLIT(R22,""/""),1))) "),1.0) -> 1 | X22: Domínio: Web Ecossistema: Spring Boot Linguagens: Java Match (requisitos do projeto): DOM: M (1/1)[web] S (0/1)[] C (0/1)[] ECO: M (0/1)[] S (0/2)[] C (0/1)[] LING: M (0/1)[] S (0/2)[] C (1/2)[java] Colaboração (somente com membros desta equipe): 193-7: P82(,osf=0.567,slf=0.737); P85(,osf=0.784,slf=0.538) | 193-119: P82(,osf=0.567,slf=0.737) | 193-194: P82(,osf=0.567,slf=0.737); P85(,osf=0.784,slf=0.538) | 193-399: P82(,osf=0.567,slf=0.737); P85(,osf=0.784,slf=0.538) 193-154: SEM_COMUM 193-194: SEM_COMUM | Y22: Domínio: Mobile Ecossistema: Android Linguagens: Kotlin Match (requisitos do projeto): DOM: M (0/1)[] S (0/1)[] C (0/1)[] ECO: M (0/1)[] S (0/2)[] C (0/1)[] LING: M (0/1)[] S (0/2)[] C (0/2)[] Colaboração (somente com membros desta equipe): 194-7: P40(,osf=0.733,slf=0.373); P82(,osf=0.567,slf=0.737); P85(,osf=0.784,slf=0.538) | 194-193: P82(,osf=0.567,slf=0.737); P85(,osf=0.784,slf=0.538) 194-154: SEM_COMUM 194-193: SEM_COMUM | Z22: Domínio: Web Ecossistema: React Linguagens: JavaScript Match (requisitos do projeto): DOM: M (1/1)[web] S (0/1)[] C (0/1)[] ECO: M (0/1)[] S (1/2)[react] C (0/1)[] LING: M (1/1)[javascript] S (0/2)[] C (0/2)[] Colaboração (somente com membros desta equipe): 7-154: SEM_COMUM 7-193: P82(,osf=0.567,slf=0.737); P85(,osf=0.784,slf=0.538) | 7-194: P40(,osf=0.733,slf=0.373); P82(,osf=0.567,slf=0.737); P85(,osf=0.784,slf=0.538) 7-194: SEM_COMUM | AA22: Domínio: Cloud Ecossistema: AWS Lambda Linguagens: Python Match (requisitos do projeto): DOM: M (0/1)[] S (1/1)[cloud] C (0/1)[] ECO: M (0/1)[] S (0/2)[] C (1/1)[aws lambda] LING: M (0/1)[] S (1/2)[python] C (0/2)[] Colaboração (somente com membros desta equipe): 154-7: SEM_COMUM 154-193: SEM_COMUM 154-194: SEM_COMUM
C23: P4-TEAM3 | D23: Dev438 | E23: Dev270 | F23: Dev104 | G23: Dev293 | H23: 3 | I23: 4 | K23: DOM M(1/1)[web] S(1/1)[cloud] C(0/1)[] | ECO M(0/1)[] S(1/2)[angular] C(1/1)[aws lambda] | LING M(0/1)[] S(2/2)[typescript, python] C(0/2)[] | L23: =IFERROR(__xludf.DUMMYFUNCTION("IFERROR(REGEXEXTRACT($K23,""DOM\s*M\((\d+/\d+)\)""),"""") "),"1/1") -> 1/1 | M23: =IFERROR(__xludf.DUMMYFUNCTION("IFERROR(REGEXEXTRACT($K23,""DOM.*?S\((\d+/\d+)\)""),"""") "),"1/1") -> 1/1 | N23: =IFERROR(__xludf.DUMMYFUNCTION("IFERROR(REGEXEXTRACT($K23,""DOM.*?C\((\d+/\d+)\)""),"""") "),"0/1") -> 0/1 | O23: =IFERROR(__xludf.DUMMYFUNCTION("IFERROR(REGEXEXTRACT($K23,""ECO\s*M\((\d+/\d+)\)""),"""") "),"0/1") -> 0/1 | P23: =IFERROR(__xludf.DUMMYFUNCTION("IFERROR(REGEXEXTRACT($K23,""ECO.*?S\((\d+/\d+)\)""),"""") "),"1/2") -> 1/2 | Q23: =IFERROR(__xludf.DUMMYFUNCTION("IFERROR(REGEXEXTRACT($K23,""ECO.*?C\((\d+/\d+)\)""),"""") "),"1/1") -> 1/1 | R23: =IFERROR(__xludf.DUMMYFUNCTION("IFERROR(REGEXEXTRACT($K23,""LING\s*M\((\d+/\d+)\)""),"""") "),"0/1") -> 0/1 | S23: =IFERROR(__xludf.DUMMYFUNCTION("IFERROR(REGEXEXTRACT($K23,""LING.*?S\((\d+/\d+)\)""),"""") "),"2/2") -> 2/2 | T23: =IFERROR(__xludf.DUMMYFUNCTION("IFERROR(REGEXEXTRACT($K23,""LING[^|]*C\(([0-9]+/[0-9]+)\)""),"""") "),"0/2") -> 0/2 | U23: =IFERROR(__xludf.DUMMYFUNCTION("AND( VALUE(INDEX(SPLIT(L23,""/""),1))=VALUE(INDEX(SPLIT(L23,""/""),2)), VALUE(INDEX(SPLIT(O23,""/""),1))=VALUE(INDEX(SPLIT(O23,""/""),2)), VALUE(INDEX(SPLIT(R23,""/""),1))=VALUE(INDEX(SPLIT(R23,""/""),2)) ) "),FALSE) -> FALSE | V23: =IFERROR(__xludf.DUMMYFUNCTION("IF($U23=TRUE,""OK"", TEXTJOIN("" | "",TRUE, IF(VALUE(INDEX(SPLIT($L23,""/""),2))-VALUE(INDEX(SPLIT($L23,""/""),1))>0, ""DOM faltam ""&(VALUE(INDEX(SPLIT($L23,""/""),2))-VALUE(INDEX(SPLIT($L23,""/""),1))), """"), IF(VALUE(INDEX(SPLIT($O23,""/"")"&",2))-VALUE(INDEX(SPLIT($O23,""/""),1))>0, ""ECO faltam ""&(VALUE(INDEX(SPLIT($O23,""/""),2))-VALUE(INDEX(SPLIT($O23,""/""),1))), """"), IF(VALUE(INDEX(SPLIT($R23,""/""),2))-VALUE(INDEX(SPLIT($R23,""/""),1))>0, ""LING faltam ""&(VALUE(INDEX(SPL"&"IT($R23,""/""),2))-VALUE(INDEX(SPLIT($R23,""/""),1))), """") ) ) "),"ECO faltam 1 | LING faltam 1") -> ECO faltam 1 | LING faltam 1 | W23: =IFERROR(__xludf.DUMMYFUNCTION(" (VALUE(INDEX(SPLIT(L23,""/""),2))-VALUE(INDEX(SPLIT(L23,""/""),1))) + (VALUE(INDEX(SPLIT(O23,""/""),2))-VALUE(INDEX(SPLIT(O23,""/""),1))) + (VALUE(INDEX(SPLIT(R23,""/""),2))-VALUE(INDEX(SPLIT(R23,""/""),1))) "),2.0) -> 2 | X23: Domínio: Cloud Ecossistema: AWS Lambda Linguagens: Python Match (requisitos do projeto): DOM: M (0/1)[] S (1/1)[cloud] C (0/1)[] ECO: M (0/1)[] S (0/2)[] C (1/1)[aws lambda] LING: M (0/1)[] S (1/2)[python] C (0/2)[] Colaboração (somente com membros desta equipe): 438-104: SEM_COMUM 438-270: P82(,osf=0.567,slf=0.737) | 438-293: P124(,osf=0.678,slf=0.507); P152(,osf=0.337,slf=0.880) | 438-558: P85(,osf=0.784,slf=0.538) 438-293: SEM_COMUM | Y23: Domínio: Web Ecossistema: Angular Linguagens: TypeScript Match (requisitos do projeto): DOM: M (1/1)[web] S (0/1)[] C (0/1)[] ECO: M (0/1)[] S (1/2)[angular] C (0/1)[] LING: M (0/1)[] S (1/2)[typescript] C (0/2)[] Colaboração (somente com membros desta equipe): 270-104: SEM_COMUM 270-293: SEM_COMUM 270-438: SEM_COMUM | Z23: Domínio: Mobile Ecossistema: Android Linguagens: Kotlin Match (requisitos do projeto): DOM: M (0/1)[] S (0/1)[] C (0/1)[] ECO: M (0/1)[] S (0/2)[] C (0/1)[] LING: M (0/1)[] S (0/2)[] C (0/2)[] Colaboração (somente com membros desta equipe): 104-270: SEM_COMUM 104-293: SEM_COMUM 104-438: SEM_COMUM | AA23: Domínio: Web Ecossistema: Angular Linguagens: TypeScript Match (requisitos do projeto): DOM: M (1/1)[web] S (0/1)[] C (0/1)[] ECO: M (0/1)[] S (1/2)[angular] C (0/1)[] LING: M (0/1)[] S (1/2)[typescript] C (0/2)[] Colaboração (somente com membros desta equipe): 293-104: SEM_COMUM 293-270: SEM_COMUM 293-438: P124(,osf=0.678,slf=0.507); P152(,osf=0.337,slf=0.880)
C24: P4-TEAM4 | D24: Dev198 | E24: Dev415 | F24: Dev62 | G24: Dev559 | H24: 4 | I24: 5 | K24: DOM M(1/1)[web] S(0/1)[] C(0/1)[] | ECO M(1/1)[mongodb] S(0/2)[] C(0/1)[] | LING M(1/1)[javascript] S(0/2)[] C(0/2)[] | L24: =IFERROR(__xludf.DUMMYFUNCTION("IFERROR(REGEXEXTRACT($K24,""DOM\s*M\((\d+/\d+)\)""),"""") "),"1/1") -> 1/1 | M24: =IFERROR(__xludf.DUMMYFUNCTION("IFERROR(REGEXEXTRACT($K24,""DOM.*?S\((\d+/\d+)\)""),"""") "),"0/1") -> 0/1 | N24: =IFERROR(__xludf.DUMMYFUNCTION("IFERROR(REGEXEXTRACT($K24,""DOM.*?C\((\d+/\d+)\)""),"""") "),"0/1") -> 0/1 | O24: =IFERROR(__xludf.DUMMYFUNCTION("IFERROR(REGEXEXTRACT($K24,""ECO\s*M\((\d+/\d+)\)""),"""") "),"1/1") -> 1/1 | P24: =IFERROR(__xludf.DUMMYFUNCTION("IFERROR(REGEXEXTRACT($K24,""ECO.*?S\((\d+/\d+)\)""),"""") "),"0/2") -> 0/2 | Q24: =IFERROR(__xludf.DUMMYFUNCTION("IFERROR(REGEXEXTRACT($K24,""ECO.*?C\((\d+/\d+)\)""),"""") "),"0/1") -> 0/1 | R24: =IFERROR(__xludf.DUMMYFUNCTION("IFERROR(REGEXEXTRACT($K24,""LING\s*M\((\d+/\d+)\)""),"""") "),"1/1") -> 1/1 | S24: =IFERROR(__xludf.DUMMYFUNCTION("IFERROR(REGEXEXTRACT($K24,""LING.*?S\((\d+/\d+)\)""),"""") "),"0/2") -> 0/2 | T24: =IFERROR(__xludf.DUMMYFUNCTION("IFERROR(REGEXEXTRACT($K24,""LING[^|]*C\(([0-9]+/[0-9]+)\)""),"""") "),"0/2") -> 0/2 | U24: =IFERROR(__xludf.DUMMYFUNCTION("AND( VALUE(INDEX(SPLIT(L24,""/""),1))=VALUE(INDEX(SPLIT(L24,""/""),2)), VALUE(INDEX(SPLIT(O24,""/""),1))=VALUE(INDEX(SPLIT(O24,""/""),2)), VALUE(INDEX(SPLIT(R24,""/""),1))=VALUE(INDEX(SPLIT(R24,""/""),2)) ) "),TRUE) -> TRUE | V24: =IFERROR(__xludf.DUMMYFUNCTION("IF($U24=TRUE,""OK"", TEXTJOIN("" | "",TRUE, IF(VALUE(INDEX(SPLIT($L24,""/""),2))-VALUE(INDEX(SPLIT($L24,""/""),1))>0, ""DOM faltam ""&(VALUE(INDEX(SPLIT($L24,""/""),2))-VALUE(INDEX(SPLIT($L24,""/""),1))), """"), IF(VALUE(INDEX(SPLIT($O24,""/"")"&",2))-VALUE(INDEX(SPLIT($O24,""/""),1))>0, ""ECO faltam ""&(VALUE(INDEX(SPLIT($O24,""/""),2))-VALUE(INDEX(SPLIT($O24,""/""),1))), """"), IF(VALUE(INDEX(SPLIT($R24,""/""),2))-VALUE(INDEX(SPLIT($R24,""/""),1))>0, ""LING faltam ""&(VALUE(INDEX(SPL"&"IT($R24,""/""),2))-VALUE(INDEX(SPLIT($R24,""/""),1))), """") ) ) "),"OK") -> OK | W24: =IFERROR(__xludf.DUMMYFUNCTION(" (VALUE(INDEX(SPLIT(L24,""/""),2))-VALUE(INDEX(SPLIT(L24,""/""),1))) + (VALUE(INDEX(SPLIT(O24,""/""),2))-VALUE(INDEX(SPLIT(O24,""/""),1))) + (VALUE(INDEX(SPLIT(R24,""/""),2))-VALUE(INDEX(SPLIT(R24,""/""),1))) "),0.0) -> 0 | X24: Domínio: Web Ecossistema: Vue Linguagens: JavaScript Match (requisitos do projeto): DOM: M (1/1)[web] S (0/1)[] C (0/1)[] ECO: M (0/1)[] S (0/2)[] C (0/1)[] LING: M (1/1)[javascript] S (0/2)[] C (0/2)[] Colaboração (somente com membros desta equipe): 198-62: SEM_COMUM 198-415: P82(,osf=0.567,slf=0.737) 198-559: SEM_COMUM | Y24: Domínio: Web Ecossistema: Vue Linguagens: JavaScript Match (requisitos do projeto): DOM: M (1/1)[web] S (0/1)[] C (0/1)[] ECO: M (0/1)[] S (0/2)[] C (0/1)[] LING: M (1/1)[javascript] S (0/2)[] C (0/2)[] Colaboração (somente com membros desta equipe): 415-62: P85(,osf=0.784,slf=0.538) | 415-198: P82(,osf=0.567,slf=0.737) 415-198: SEM_COMUM 415-559: SEM_COMUM | Z24: Domínio: nan Ecossistema: MongoDB, iOS/iPadOS Linguagens: nan Match (requisitos do projeto): DOM: M (0/1)[] S (0/1)[] C (0/1)[] ECO: M (1/1)[mongodb] S (0/2)[] C (0/1)[] LING: M (0/1)[] S (0/2)[] C (0/2)[] Colaboração (somente com membros desta equipe): 62-198: SEM_COMUM 62-415: P85(,osf=0.784,slf=0.538) 62-559: SEM_COMUM | AA24: Domínio: Mobile Ecossistema: Android Linguagens: Kotlin Match (requisitos do projeto): DOM: M (0/1)[] S (0/1)[] C (0/1)[] ECO: M (0/1)[] S (0/2)[] C (0/1)[] LING: M (0/1)[] S (0/2)[] C (0/2)[] Colaboração (somente com membros desta equipe): 559-62: SEM_COMUM 559-198: SEM_COMUM 559-415: SEM_COMUM
L25: =IFERROR(__xludf.DUMMYFUNCTION("IFERROR(REGEXEXTRACT($K25,""DOM\s*M\((\d+/\d+)\)""),"""") "),"") | M25: =IFERROR(__xludf.DUMMYFUNCTION("IFERROR(REGEXEXTRACT($K25,""DOM.*?S\((\d+/\d+)\)""),"""") "),"") | N25: =IFERROR(__xludf.DUMMYFUNCTION("IFERROR(REGEXEXTRACT($K25,""DOM.*?C\((\d+/\d+)\)""),"""") "),"") | O25: =IFERROR(__xludf.DUMMYFUNCTION("IFERROR(REGEXEXTRACT($K25,""ECO\s*M\((\d+/\d+)\)""),"""") "),"") | P25: =IFERROR(__xludf.DUMMYFUNCTION("IFERROR(REGEXEXTRACT($K25,""ECO.*?S\((\d+/\d+)\)""),"""") "),"") | Q25: =IFERROR(__xludf.DUMMYFUNCTION("IFERROR(REGEXEXTRACT($K25,""ECO.*?C\((\d+/\d+)\)""),"""") "),"") | R25: =IFERROR(__xludf.DUMMYFUNCTION("IFERROR(REGEXEXTRACT($K25,""LING\s*M\((\d+/\d+)\)""),"""") "),"") | S25: =IFERROR(__xludf.DUMMYFUNCTION("IFERROR(REGEXEXTRACT($K25,""LING.*?S\((\d+/\d+)\)""),"""") "),"") | T25: =IFERROR(__xludf.DUMMYFUNCTION("IFERROR(REGEXEXTRACT($K25,""LING[^|]*C\(([0-9]+/[0-9]+)\)""),"""") "),"")
A26: P5 | B26: =IFERROR(VLOOKUP(A26,Projetos!$A$2:$C$7,2,FALSE),"") -> Critical Web + Cloud Platform | C26: P5-TEAM0 | D26: Dev174 | E26: Dev265 | F26: Dev524 | G26: Dev169 | H26: 5 | K26: DOM M(1/2)[web] S(0/1)[] C(1/1)[desktop] | ECO M(1/3)[react] S(1/1)[.net] C(0/1)[] | LING M(1/3)[javascript] S(2/2)[c#, java] C(0/2)[] | L26: =IFERROR(__xludf.DUMMYFUNCTION("IFERROR(REGEXEXTRACT($K26,""DOM\s*M\((\d+/\d+)\)""),"""") "),"1/2") -> 1/2 | M26: =IFERROR(__xludf.DUMMYFUNCTION("IFERROR(REGEXEXTRACT($K26,""DOM.*?S\((\d+/\d+)\)""),"""") "),"0/1") -> 0/1 | N26: =IFERROR(__xludf.DUMMYFUNCTION("IFERROR(REGEXEXTRACT($K26,""DOM.*?C\((\d+/\d+)\)""),"""") "),"1/1") -> 1/1 | O26: =IFERROR(__xludf.DUMMYFUNCTION("IFERROR(REGEXEXTRACT($K26,""ECO\s*M\((\d+/\d+)\)""),"""") "),"1/3") -> 1/3 | P26: =IFERROR(__xludf.DUMMYFUNCTION("IFERROR(REGEXEXTRACT($K26,""ECO.*?S\((\d+/\d+)\)""),"""") "),"1/1") -> 1/1 | Q26: =IFERROR(__xludf.DUMMYFUNCTION("IFERROR(REGEXEXTRACT($K26,""ECO.*?C\((\d+/\d+)\)""),"""") "),"0/1") -> 0/1 | R26: =IFERROR(__xludf.DUMMYFUNCTION("IFERROR(REGEXEXTRACT($K26,""LING\s*M\((\d+/\d+)\)""),"""") "),"1/3") -> 1/3 | S26: =IFERROR(__xludf.DUMMYFUNCTION("IFERROR(REGEXEXTRACT($K26,""LING.*?S\((\d+/\d+)\)""),"""") "),"2/2") -> 2/2 | T26: =IFERROR(__xludf.DUMMYFUNCTION("IFERROR(REGEXEXTRACT($K26,""LING[^|]*C\(([0-9]+/[0-9]+)\)""),"""") "),"0/2") -> 0/2 | U26: =IFERROR(__xludf.DUMMYFUNCTION("AND( VALUE(INDEX(SPLIT(L26,""/""),1))=VALUE(INDEX(SPLIT(L26,""/""),2)), VALUE(INDEX(SPLIT(O26,""/""),1))=VALUE(INDEX(SPLIT(O26,""/""),2)), VALUE(INDEX(SPLIT(R26,""/""),1))=VALUE(INDEX(SPLIT(R26,""/""),2)) ) "),FALSE) -> FALSE | V26: =IFERROR(__xludf.DUMMYFUNCTION("IF($U26=TRUE,""OK"", TEXTJOIN("" | "",TRUE, IF(VALUE(INDEX(SPLIT($L26,""/""),2))-VALUE(INDEX(SPLIT($L26,""/""),1))>0, ""DOM faltam ""&(VALUE(INDEX(SPLIT($L26,""/""),2))-VALUE(INDEX(SPLIT($L26,""/""),1))), """"), IF(VALUE(INDEX(SPLIT($O26,""/"")"&",2))-VALUE(INDEX(SPLIT($O26,""/""),1))>0, ""ECO faltam ""&(VALUE(INDEX(SPLIT($O26,""/""),2))-VALUE(INDEX(SPLIT($O26,""/""),1))), """"), IF(VALUE(INDEX(SPLIT($R26,""/""),2))-VALUE(INDEX(SPLIT($R26,""/""),1))>0, ""LING faltam ""&(VALUE(INDEX(SPL"&"IT($R26,""/""),2))-VALUE(INDEX(SPLIT($R26,""/""),1))), """") ) ) "),"DOM faltam 1 | ECO faltam 2 | LING faltam 2") -> DOM faltam 1 | ECO faltam 2 | LING faltam 2 | W26: =IFERROR(__xludf.DUMMYFUNCTION(" (VALUE(INDEX(SPLIT(L26,""/""),2))-VALUE(INDEX(SPLIT(L26,""/""),1))) + (VALUE(INDEX(SPLIT(O26,""/""),2))-VALUE(INDEX(SPLIT(O26,""/""),1))) + (VALUE(INDEX(SPLIT(R26,""/""),2))-VALUE(INDEX(SPLIT(R26,""/""),1))) "),5.0) -> 5 | X26: Domínio: Web Ecossistema: Vue Linguagens: JavaScript Match (requisitos do projeto): DOM: M (1/2)[web] S (0/1)[] C (0/1)[] ECO: M (0/3)[] S (0/1)[] C (0/1)[] LING: M (1/3)[javascript] S (0/2)[] C (0/2)[] Colaboração (somente com membros desta equipe): 174-169: SEM_COMUM 174-265: SEM_COMUM 174-524: SEM_COMUM | Y26: Domínio: Web Ecossistema: Spring Boot Linguagens: Java Match (requisitos do projeto): DOM: M (1/2)[web] S (0/1)[] C (0/1)[] ECO: M (0/3)[] S (0/1)[] C (0/1)[] LING: M (0/3)[] S (1/2)[java] C (0/2)[] Colaboração (somente com membros desta equipe): 265-169: SEM_COMUM 265-174: SEM_COMUM 265-524: SEM_COMUM | Z26: Domínio: Desktop Ecossistema: .NET Linguagens: C# Match (requisitos do projeto): DOM: M (0/2)[] S (0/1)[] C (1/1)[desktop] ECO: M (0/3)[] S (1/1)[.net] C (0/1)[] LING: M (0/3)[] S (1/2)[c#] C (0/2)[] Colaboração (somente com membros desta equipe): 524-169: SEM_COMUM 524-174: SEM_COMUM 524-265: SEM_COMUM | AA26: Domínio: Web Ecossistema: React Linguagens: JavaScript Match (requisitos do projeto): DOM: M (1/2)[web] S (0/1)[] C (0/1)[] ECO: M (1/3)[react] S (0/1)[] C (0/1)[] LING: M (1/3)[javascript] S (0/2)[] C (0/2)[] Colaboração (somente com membros desta equipe): 169-174: SEM_COMUM 169-265: SEM_COMUM 169-524: SEM_COMUM
B27: DOM M[Web, Cloud] S[Mobile] C[Desktop] ECO M[React, AWS Lambda, MongoDB] S[.NET] C[Android] LING M[JavaScript, TypeScript, Python] S[C#, Java] C[Kotlin, Swift] | C27: P5-TEAM1 | D27: Dev438 | E27: Dev558 | F27: Dev461 | G27: Dev297 | H27: 2 | K27: DOM M(2/2)[web, cloud] S(1/1)[mobile] C(0/1)[] | ECO M(2/3)[react, aws lambda] S(0/1)[] C(1/1)[android] | LING M(2/3)[javascript, python] S(0/2)[] C(1/2)[kotlin] | L27: =IFERROR(__xludf.DUMMYFUNCTION("IFERROR(REGEXEXTRACT($K27,""DOM\s*M\((\d+/\d+)\)""),"""") "),"2/2") -> 2/2 | M27: =IFERROR(__xludf.DUMMYFUNCTION("IFERROR(REGEXEXTRACT($K27,""DOM.*?S\((\d+/\d+)\)""),"""") "),"1/1") -> 1/1 | N27: =IFERROR(__xludf.DUMMYFUNCTION("IFERROR(REGEXEXTRACT($K27,""DOM.*?C\((\d+/\d+)\)""),"""") "),"0/1") -> 0/1 | O27: =IFERROR(__xludf.DUMMYFUNCTION("IFERROR(REGEXEXTRACT($K27,""ECO\s*M\((\d+/\d+)\)""),"""") "),"2/3") -> 2/3 | P27: =IFERROR(__xludf.DUMMYFUNCTION("IFERROR(REGEXEXTRACT($K27,""ECO.*?S\((\d+/\d+)\)""),"""") "),"0/1") -> 0/1 | Q27: =IFERROR(__xludf.DUMMYFUNCTION("IFERROR(REGEXEXTRACT($K27,""ECO.*?C\((\d+/\d+)\)""),"""") "),"1/1") -> 1/1 | R27: =IFERROR(__xludf.DUMMYFUNCTION("IFERROR(REGEXEXTRACT($K27,""LING\s*M\((\d+/\d+)\)""),"""") "),"2/3") -> 2/3 | S27: =IFERROR(__xludf.DUMMYFUNCTION("IFERROR(REGEXEXTRACT($K27,""LING.*?S\((\d+/\d+)\)""),"""") "),"0/2") -> 0/2 | T27: =IFERROR(__xludf.DUMMYFUNCTION("IFERROR(REGEXEXTRACT($K27,""LING[^|]*C\(([0-9]+/[0-9]+)\)""),"""") "),"1/2") -> 1/2 | U27: =IFERROR(__xludf.DUMMYFUNCTION("AND( VALUE(INDEX(SPLIT(L27,""/""),1))=VALUE(INDEX(SPLIT(L27,""/""),2)), VALUE(INDEX(SPLIT(O27,""/""),1))=VALUE(INDEX(SPLIT(O27,""/""),2)), VALUE(INDEX(SPLIT(R27,""/""),1))=VALUE(INDEX(SPLIT(R27,""/""),2)) ) "),FALSE) -> FALSE | V27: =IFERROR(__xludf.DUMMYFUNCTION("IF($U27=TRUE,""OK"", TEXTJOIN("" | "",TRUE, IF(VALUE(INDEX(SPLIT($L27,""/""),2))-VALUE(INDEX(SPLIT($L27,""/""),1))>0, ""DOM faltam ""&(VALUE(INDEX(SPLIT($L27,""/""),2))-VALUE(INDEX(SPLIT($L27,""/""),1))), """"), IF(VALUE(INDEX(SPLIT($O27,""/"")"&",2))-VALUE(INDEX(SPLIT($O27,""/""),1))>0, ""ECO faltam ""&(VALUE(INDEX(SPLIT($O27,""/""),2))-VALUE(INDEX(SPLIT($O27,""/""),1))), """"), IF(VALUE(INDEX(SPLIT($R27,""/""),2))-VALUE(INDEX(SPLIT($R27,""/""),1))>0, ""LING faltam ""&(VALUE(INDEX(SPL"&"IT($R27,""/""),2))-VALUE(INDEX(SPLIT($R27,""/""),1))), """") ) ) "),"ECO faltam 1 | LING faltam 1") -> ECO faltam 1 | LING faltam 1 | W27: =IFERROR(__xludf.DUMMYFUNCTION(" (VALUE(INDEX(SPLIT(L27,""/""),2))-VALUE(INDEX(SPLIT(L27,""/""),1))) + (VALUE(INDEX(SPLIT(O27,""/""),2))-VALUE(INDEX(SPLIT(O27,""/""),1))) + (VALUE(INDEX(SPLIT(R27,""/""),2))-VALUE(INDEX(SPLIT(R27,""/""),1))) "),2.0) -> 2 | X27: Domínio: Cloud Ecossistema: AWS Lambda Linguagens: Python Match (requisitos do projeto): DOM: M (1/2)[cloud] S (0/1)[] C (0/1)[] ECO: M (1/3)[aws lambda] S (0/1)[] C (0/1)[] LING: M (1/3)[python] S (0/2)[] C (0/2)[] Colaboração (somente com membros desta equipe): 438-297: SEM_COMUM 438-461: SEM_COMUM 438-558: SEM_COMUM | Y27: Domínio: Mobile Ecossistema: Android Linguagens: Kotlin Match (requisitos do projeto): DOM: M (0/2)[] S (1/1)[mobile] C (0/1)[] ECO: M (0/3)[] S (0/1)[] C (1/1)[android] LING: M (0/3)[] S (0/2)[] C (1/2)[kotlin] Colaboração (somente com membros desta equipe): 558-297: SEM_COMUM 558-438: P85(,osf=0.784,slf=0.538) | 558-461: P183(,osf=0.476,slf=0.842); P184(,osf=0.615,slf=0.450); P188(,osf=0.655,slf=0.631); P219(,osf=0.351,slf=0.534); P269(,osf=0.400,slf=0.408); P274(,osf=0.411,slf=0.591) 558-461: SEM_COMUM | Z27: Domínio: Web Ecossistema: React Linguagens: JavaScript Match (requisitos do projeto): DOM: M (1/2)[web] S (0/1)[] C (0/1)[] ECO: M (1/3)[react] S (0/1)[] C (0/1)[] LING: M (1/3)[javascript] S (0/2)[] C (0/2)[] Colaboração (somente com membros desta equipe): 461-297: SEM_COMUM 461-438: SEM_COMUM 461-558: P183(,osf=0.476,slf=0.842); P184(,osf=0.615,slf=0.450); P188(,osf=0.655,slf=0.631); P219(,osf=0.351,slf=0.534); P269(,osf=0.400,slf=0.408); P274(,osf=0.411,slf=0.591) | AA27: Domínio: Web Ecossistema: Node.js Linguagens: JavaScript Match (requisitos do projeto): DOM: M (1/2)[web] S (0/1)[] C (0/1)[] ECO: M (0/3)[] S (0/1)[] C (0/1)[] LING: M (1/3)[javascript] S (0/2)[] C (0/2)[] Colaboração (somente com membros desta equipe): 297-438: SEM_COMUM 297-461: SEM_COMUM 297-558: SEM_COMUM
C28: P5-TEAM2 | D28: Dev324 | E28: Dev439 | F28: Dev370 | G28: Dev250 | H28: 3 | K28: DOM M(2/2)[web, cloud] S(1/1)[mobile] C(0/1)[] | ECO M(2/3)[react, aws lambda] S(0/1)[] C(1/1)[android] | LING M(2/3)[javascript, python] S(0/2)[] C(2/2)[kotlin, swift] | L28: =IFERROR(__xludf.DUMMYFUNCTION("IFERROR(REGEXEXTRACT($K28,""DOM\s*M\((\d+/\d+)\)""),"""") "),"2/2") -> 2/2 | M28: =IFERROR(__xludf.DUMMYFUNCTION("IFERROR(REGEXEXTRACT($K28,""DOM.*?S\((\d+/\d+)\)""),"""") "),"1/1") -> 1/1 | N28: =IFERROR(__xludf.DUMMYFUNCTION("IFERROR(REGEXEXTRACT($K28,""DOM.*?C\((\d+/\d+)\)""),"""") "),"0/1") -> 0/1 | O28: =IFERROR(__xludf.DUMMYFUNCTION("IFERROR(REGEXEXTRACT($K28,""ECO\s*M\((\d+/\d+)\)""),"""") "),"2/3") -> 2/3 | P28: =IFERROR(__xludf.DUMMYFUNCTION("IFERROR(REGEXEXTRACT($K28,""ECO.*?S\((\d+/\d+)\)""),"""") "),"0/1") -> 0/1 | Q28: =IFERROR(__xludf.DUMMYFUNCTION("IFERROR(REGEXEXTRACT($K28,""ECO.*?C\((\d+/\d+)\)""),"""") "),"1/1") -> 1/1 | R28: =IFERROR(__xludf.DUMMYFUNCTION("IFERROR(REGEXEXTRACT($K28,""LING\s*M\((\d+/\d+)\)""),"""") "),"2/3") -> 2/3 | S28: =IFERROR(__xludf.DUMMYFUNCTION("IFERROR(REGEXEXTRACT($K28,""LING.*?S\((\d+/\d+)\)""),"""") "),"0/2") -> 0/2 | T28: =IFERROR(__xludf.DUMMYFUNCTION("IFERROR(REGEXEXTRACT($K28,""LING[^|]*C\(([0-9]+/[0-9]+)\)""),"""") "),"2/2") -> 2/2 | U28: =IFERROR(__xludf.DUMMYFUNCTION("AND( VALUE(INDEX(SPLIT(L28,""/""),1))=VALUE(INDEX(SPLIT(L28,""/""),2)), VALUE(INDEX(SPLIT(O28,""/""),1))=VALUE(INDEX(SPLIT(O28,""/""),2)), VALUE(INDEX(SPLIT(R28,""/""),1))=VALUE(INDEX(SPLIT(R28,""/""),2)) ) "),FALSE) -> FALSE | V28: =IFERROR(__xludf.DUMMYFUNCTION("IF($U28=TRUE,""OK"", TEXTJOIN("" | "",TRUE, IF(VALUE(INDEX(SPLIT($L28,""/""),2))-VALUE(INDEX(SPLIT($L28,""/""),1))>0, ""DOM faltam ""&(VALUE(INDEX(SPLIT($L28,""/""),2))-VALUE(INDEX(SPLIT($L28,""/""),1))), """"), IF(VALUE(INDEX(SPLIT($O28,""/"")"&",2))-VALUE(INDEX(SPLIT($O28,""/""),1))>0, ""ECO faltam ""&(VALUE(INDEX(SPLIT($O28,""/""),2))-VALUE(INDEX(SPLIT($O28,""/""),1))), """"), IF(VALUE(INDEX(SPLIT($R28,""/""),2))-VALUE(INDEX(SPLIT($R28,""/""),1))>0, ""LING faltam ""&(VALUE(INDEX(SPL"&"IT($R28,""/""),2))-VALUE(INDEX(SPLIT($R28,""/""),1))), """") ) ) "),"ECO faltam 1 | LING faltam 1") -> ECO faltam 1 | LING faltam 1 | W28: =IFERROR(__xludf.DUMMYFUNCTION(" (VALUE(INDEX(SPLIT(L28,""/""),2))-VALUE(INDEX(SPLIT(L28,""/""),1))) + (VALUE(INDEX(SPLIT(O28,""/""),2))-VALUE(INDEX(SPLIT(O28,""/""),1))) + (VALUE(INDEX(SPLIT(R28,""/""),2))-VALUE(INDEX(SPLIT(R28,""/""),1))) "),2.0) -> 2 | X28: Domínio: Mobile Ecossistema: Android Linguagens: Kotlin Match (requisitos do projeto): DOM: M (0/2)[] S (1/1)[mobile] C (0/1)[] ECO: M (0/3)[] S (0/1)[] C (1/1)[android] LING: M (0/3)[] S (0/2)[] C (1/2)[kotlin] Colaboração (somente com membros desta equipe): 324-250: SEM_COMUM 324-370: SEM_COMUM 324-439: SEM_COMUM | Y28: Domínio: Web Ecossistema: React Linguagens: JavaScript Match (requisitos do projeto): DOM: M (1/2)[web] S (0/1)[] C (0/1)[] ECO: M (1/3)[react] S (0/1)[] C (0/1)[] LING: M (1/3)[javascript] S (0/2)[] C (0/2)[] Colaboração (somente com membros desta equipe): 439-250: SEM_COMUM 439-324: SEM_COMUM 439-370: SEM_COMUM | Z28: Domínio: Mobile Ecossistema: iOS/iPadOS Linguagens: Swift Match (requisitos do projeto): DOM: M (0/2)[] S (1/1)[mobile] C (0/1)[] ECO: M (0/3)[] S (0/1)[] C (0/1)[] LING: M (0/3)[] S (0/2)[] C (1/2)[swift] Colaboração (somente com membros desta equipe): 370-250: SEM_COMUM 370-324: SEM_COMUM 370-439: SEM_COMUM | AA28: Domínio: Cloud Ecossistema: AWS Lambda Linguagens: Python Match (requisitos do projeto): DOM: M (1/2)[cloud] S (0/1)[] C (0/1)[] ECO: M (1/3)[aws lambda] S (0/1)[] C (0/1)[] LING: M (1/3)[python] S (0/2)[] C (0/2)[] Colaboração (somente com membros desta equipe): 250-324: SEM_COMUM 250-370: SEM_COMUM 250-439: SEM_COMUM
C29: P5-TEAM3 | D29: Dev331 | E29: Dev36 | F29: Dev181 | G29: Dev494 | H29: 2 | K29: DOM M(1/2)[cloud] S(1/1)[mobile] C(0/1)[] | ECO M(1/3)[aws lambda] S(0/1)[] C(1/1)[android] | LING M(1/3)[python] S(0/2)[] C(2/2)[kotlin, swift] | L29: =IFERROR(__xludf.DUMMYFUNCTION("IFERROR(REGEXEXTRACT($K29,""DOM\s*M\((\d+/\d+)\)""),"""") "),"1/2") -> 1/2 | M29: =IFERROR(__xludf.DUMMYFUNCTION("IFERROR(REGEXEXTRACT($K29,""DOM.*?S\((\d+/\d+)\)""),"""") "),"1/1") -> 1/1 | N29: =IFERROR(__xludf.DUMMYFUNCTION("IFERROR(REGEXEXTRACT($K29,""DOM.*?C\((\d+/\d+)\)""),"""") "),"0/1") -> 0/1 | O29: =IFERROR(__xludf.DUMMYFUNCTION("IFERROR(REGEXEXTRACT($K29,""ECO\s*M\((\d+/\d+)\)""),"""") "),"1/3") -> 1/3 | P29: =IFERROR(__xludf.DUMMYFUNCTION("IFERROR(REGEXEXTRACT($K29,""ECO.*?S\((\d+/\d+)\)""),"""") "),"0/1") -> 0/1 | Q29: =IFERROR(__xludf.DUMMYFUNCTION("IFERROR(REGEXEXTRACT($K29,""ECO.*?C\((\d+/\d+)\)""),"""") "),"1/1") -> 1/1 | R29: =IFERROR(__xludf.DUMMYFUNCTION("IFERROR(REGEXEXTRACT($K29,""LING\s*M\((\d+/\d+)\)""),"""") "),"1/3") -> 1/3 | S29: =IFERROR(__xludf.DUMMYFUNCTION("IFERROR(REGEXEXTRACT($K29,""LING.*?S\((\d+/\d+)\)""),"""") "),"0/2") -> 0/2 | T29: =IFERROR(__xludf.DUMMYFUNCTION("IFERROR(REGEXEXTRACT($K29,""LING[^|]*C\(([0-9]+/[0-9]+)\)""),"""") "),"2/2") -> 2/2 | U29: =IFERROR(__xludf.DUMMYFUNCTION("AND( VALUE(INDEX(SPLIT(L29,""/""),1))=VALUE(INDEX(SPLIT(L29,""/""),2)), VALUE(INDEX(SPLIT(O29,""/""),1))=VALUE(INDEX(SPLIT(O29,""/""),2)), VALUE(INDEX(SPLIT(R29,""/""),1))=VALUE(INDEX(SPLIT(R29,""/""),2)) ) "),FALSE) -> FALSE | V29: =IFERROR(__xludf.DUMMYFUNCTION("IF($U29=TRUE,""OK"", TEXTJOIN("" | "",TRUE, IF(VALUE(INDEX(SPLIT($L29,""/""),2))-VALUE(INDEX(SPLIT($L29,""/""),1))>0, ""DOM faltam ""&(VALUE(INDEX(SPLIT($L29,""/""),2))-VALUE(INDEX(SPLIT($L29,""/""),1))), """"), IF(VALUE(INDEX(SPLIT($O29,""/"")"&",2))-VALUE(INDEX(SPLIT($O29,""/""),1))>0, ""ECO faltam ""&(VALUE(INDEX(SPLIT($O29,""/""),2))-VALUE(INDEX(SPLIT($O29,""/""),1))), """"), IF(VALUE(INDEX(SPLIT($R29,""/""),2))-VALUE(INDEX(SPLIT($R29,""/""),1))>0, ""LING faltam ""&(VALUE(INDEX(SPL"&"IT($R29,""/""),2))-VALUE(INDEX(SPLIT($R29,""/""),1))), """") ) ) "),"DOM faltam 1 | ECO faltam 2 | LING faltam 2") -> DOM faltam 1 | ECO faltam 2 | LING faltam 2 | W29: =IFERROR(__xludf.DUMMYFUNCTION(" (VALUE(INDEX(SPLIT(L29,""/""),2))-VALUE(INDEX(SPLIT(L29,""/""),1))) + (VALUE(INDEX(SPLIT(O29,""/""),2))-VALUE(INDEX(SPLIT(O29,""/""),1))) + (VALUE(INDEX(SPLIT(R29,""/""),2))-VALUE(INDEX(SPLIT(R29,""/""),1))) "),5.0) -> 5 | X29: Domínio: Mobile Ecossistema: iOS/iPadOS Linguagens: Swift Match (requisitos do projeto): DOM: M (0/2)[] S (1/1)[mobile] C (0/1)[] ECO: M (0/3)[] S (0/1)[] C (0/1)[] LING: M (0/3)[] S (0/2)[] C (1/2)[swift] Colaboração (somente com membros desta equipe): 331-36: SEM_COMUM 331-181: SEM_COMUM 331-494: SEM_COMUM | Y29: Domínio: Mobile Ecossistema: Android Linguagens: Kotlin Match (requisitos do projeto): DOM: M (0/2)[] S (1/1)[mobile] C (0/1)[] ECO: M (0/3)[] S (0/1)[] C (1/1)[android] LING: M (0/3)[] S (0/2)[] C (1/2)[kotlin] Colaboração (somente com membros desta equipe): 36-181: P82(,osf=0.567,slf=0.737) 36-331: SEM_COMUM 36-494: SEM_COMUM | Z29: Domínio: Cloud Ecossistema: AWS Lambda Linguagens: Python Match (requisitos do projeto): DOM: M (1/2)[cloud] S (0/1)[] C (0/1)[] ECO: M (1/3)[aws lambda] S (0/1)[] C (0/1)[] LING: M (1/3)[python] S (0/2)[] C (0/2)[] Colaboração (somente com membros desta equipe): 181-36: P82(,osf=0.567,slf=0.737) 181-331: SEM_COMUM 181-494: SEM_COMUM | AA29: Domínio: Cloud Ecossistema: AWS Lambda Linguagens: Python Match (requisitos do projeto): DOM: M (1/2)[cloud] S (0/1)[] C (0/1)[] ECO: M (1/3)[aws lambda] S (0/1)[] C (0/1)[] LING: M (1/3)[python] S (0/2)[] C (0/2)[] Colaboração (somente com membros desta equipe): 494-36: SEM_COMUM 494-181: SEM_COMUM 494-331: SEM_COMUM
C30: P5-TEAM4 | D30: Dev479 | E30: Dev389 | F30: Dev357 | G30: Dev316 | H30: 4 | K30: DOM M(1/2)[web] S(1/1)[mobile] C(0/1)[] | ECO M(0/3)[] S(0/1)[] C(1/1)[android] | LING M(2/3)[javascript, typescript] S(0/2)[] C(1/2)[kotlin] | L30: =IFERROR(__xludf.DUMMYFUNCTION("IFERROR(REGEXEXTRACT($K30,""DOM\s*M\((\d+/\d+)\)""),"""") "),"1/2") -> 1/2 | M30: =IFERROR(__xludf.DUMMYFUNCTION("IFERROR(REGEXEXTRACT($K30,""DOM.*?S\((\d+/\d+)\)""),"""") "),"1/1") -> 1/1 | N30: =IFERROR(__xludf.DUMMYFUNCTION("IFERROR(REGEXEXTRACT($K30,""DOM.*?C\((\d+/\d+)\)""),"""") "),"0/1") -> 0/1 | O30: =IFERROR(__xludf.DUMMYFUNCTION("IFERROR(REGEXEXTRACT($K30,""ECO\s*M\((\d+/\d+)\)""),"""") "),"0/3") -> 0/3 | P30: =IFERROR(__xludf.DUMMYFUNCTION("IFERROR(REGEXEXTRACT($K30,""ECO.*?S\((\d+/\d+)\)""),"""") "),"0/1") -> 0/1 | Q30: =IFERROR(__xludf.DUMMYFUNCTION("IFERROR(REGEXEXTRACT($K30,""ECO.*?C\((\d+/\d+)\)""),"""") "),"1/1") -> 1/1 | R30: =IFERROR(__xludf.DUMMYFUNCTION("IFERROR(REGEXEXTRACT($K30,""LING\s*M\((\d+/\d+)\)""),"""") "),"2/3") -> 2/3 | S30: =IFERROR(__xludf.DUMMYFUNCTION("IFERROR(REGEXEXTRACT($K30,""LING.*?S\((\d+/\d+)\)""),"""") "),"0/2") -> 0/2 | T30: =IFERROR(__xludf.DUMMYFUNCTION("IFERROR(REGEXEXTRACT($K30,""LING[^|]*C\(([0-9]+/[0-9]+)\)""),"""") "),"1/2") -> 1/2 | U30: =IFERROR(__xludf.DUMMYFUNCTION("AND( VALUE(INDEX(SPLIT(L30,""/""),1))=VALUE(INDEX(SPLIT(L30,""/""),2)), VALUE(INDEX(SPLIT(O30,""/""),1))=VALUE(INDEX(SPLIT(O30,""/""),2)), VALUE(INDEX(SPLIT(R30,""/""),1))=VALUE(INDEX(SPLIT(R30,""/""),2)) ) "),FALSE) -> FALSE | V30: =IFERROR(__xludf.DUMMYFUNCTION("IF($U30=TRUE,""OK"", TEXTJOIN("" | "",TRUE, IF(VALUE(INDEX(SPLIT($L30,""/""),2))-VALUE(INDEX(SPLIT($L30,""/""),1))>0, ""DOM faltam ""&(VALUE(INDEX(SPLIT($L30,""/""),2))-VALUE(INDEX(SPLIT($L30,""/""),1))), """"), IF(VALUE(INDEX(SPLIT($O30,""/"")"&",2))-VALUE(INDEX(SPLIT($O30,""/""),1))>0, ""ECO faltam ""&(VALUE(INDEX(SPLIT($O30,""/""),2))-VALUE(INDEX(SPLIT($O30,""/""),1))), """"), IF(VALUE(INDEX(SPLIT($R30,""/""),2))-VALUE(INDEX(SPLIT($R30,""/""),1))>0, ""LING faltam ""&(VALUE(INDEX(SPL"&"IT($R30,""/""),2))-VALUE(INDEX(SPLIT($R30,""/""),1))), """") ) ) "),"DOM faltam 1 | ECO faltam 3 | LING faltam 1") -> DOM faltam 1 | ECO faltam 3 | LING faltam 1 | W30: =IFERROR(__xludf.DUMMYFUNCTION(" (VALUE(INDEX(SPLIT(L30,""/""),2))-VALUE(INDEX(SPLIT(L30,""/""),1))) + (VALUE(INDEX(SPLIT(O30,""/""),2))-VALUE(INDEX(SPLIT(O30,""/""),1))) + (VALUE(INDEX(SPLIT(R30,""/""),2))-VALUE(INDEX(SPLIT(R30,""/""),1))) "),5.0) -> 5 | X30: Domínio: Web Ecossistema: Angular Linguagens: TypeScript Match (requisitos do projeto): DOM: M (1/2)[web] S (0/1)[] C (0/1)[] ECO: M (0/3)[] S (0/1)[] C (0/1)[] LING: M (1/3)[typescript] S (0/2)[] C (0/2)[] Colaboração (somente com membros desta equipe): 479-316: SEM_COMUM 479-357: SEM_COMUM 479-389: SEM_COMUM | Y30: Domínio: Mobile Ecossistema: Android Linguagens: Kotlin Match (requisitos do projeto): DOM: M (0/2)[] S (1/1)[mobile] C (0/1)[] ECO: M (0/3)[] S (0/1)[] C (1/1)[android] LING: M (0/3)[] S (0/2)[] C (1/2)[kotlin] Colaboração (somente com membros desta equipe): 389-316: SEM_COMUM 389-357: SEM_COMUM 389-479: SEM_COMUM | Z30: Domínio: Web Ecossistema: Node.js Linguagens: JavaScript Match (requisitos do projeto): DOM: M (1/2)[web] S (0/1)[] C (0/1)[] ECO: M (0/3)[] S (0/1)[] C (0/1)[] LING: M (1/3)[javascript] S (0/2)[] C (0/2)[] Colaboração (somente com membros desta equipe): 357-316: SEM_COMUM 357-389: SEM_COMUM 357-479: SEM_COMUM | AA30: Domínio: Web Ecossistema: Node.js Linguagens: JavaScript Match (requisitos do projeto): DOM: M (1/2)[web] S (0/1)[] C (0/1)[] ECO: M (0/3)[] S (0/1)[] C (0/1)[] LING: M (1/3)[javascript] S (0/2)[] C (0/2)[] Colaboração (somente com membros desta equipe): 316-357: SEM_COMUM 316-389: SEM_COMUM 316-479: SEM_COMUM
L31: =IFERROR(__xludf.DUMMYFUNCTION("IFERROR(REGEXEXTRACT($K31,""DOM\s*M\((\d+/\d+)\)""),"""") "),"") | M31: =IFERROR(__xludf.DUMMYFUNCTION("IFERROR(REGEXEXTRACT($K31,""DOM.*?S\((\d+/\d+)\)""),"""") "),"") | N31: =IFERROR(__xludf.DUMMYFUNCTION("IFERROR(REGEXEXTRACT($K31,""DOM.*?C\((\d+/\d+)\)""),"""") "),"") | O31: =IFERROR(__xludf.DUMMYFUNCTION("IFERROR(REGEXEXTRACT($K31,""ECO\s*M\((\d+/\d+)\)""),"""") "),"") | P31: =IFERROR(__xludf.DUMMYFUNCTION("IFERROR(REGEXEXTRACT($K31,""ECO.*?S\((\d+/\d+)\)""),"""") "),"") | Q31: =IFERROR(__xludf.DUMMYFUNCTION("IFERROR(REGEXEXTRACT($K31,""ECO.*?C\((\d+/\d+)\)""),"""") "),"") | R31: =IFERROR(__xludf.DUMMYFUNCTION("IFERROR(REGEXEXTRACT($K31,""LING\s*M\((\d+/\d+)\)""),"""") "),"") | S31: =IFERROR(__xludf.DUMMYFUNCTION("IFERROR(REGEXEXTRACT($K31,""LING.*?S\((\d+/\d+)\)""),"""") "),"") | T31: =IFERROR(__xludf.DUMMYFUNCTION("IFERROR(REGEXEXTRACT($K31,""LING[^|]*C\(([0-9]+/[0-9]+)\)""),"""") "),"")
A32: P6 | B32: =IFERROR(VLOOKUP(A32,Projetos!$A$2:$C$8,2,FALSE),"") -> Critical Embedded Hardware Platform | C32: P6-TEAM0 | D32: Dev65 | E32: Dev71 | F32: Dev63 | G32: Dev261 | H32: 2 | I32: 1 | K32: DOM M(2/2)[hardware, embedded] S(1/1)[iot] C(1/1)[cloud] | ECO M(2/2)[pcb, desenvolvimento de placa] S(1/1)[eletrônica (circuitos lógicos e analógicos)] C(2/2)[instrumentação (osciloscópio, analisador lógico), prototipação] | LING M(1/1)[c] S(1/1)[c++] C(1/1)[python] | L32: =IFERROR(__xludf.DUMMYFUNCTION("IFERROR(REGEXEXTRACT($K32,""DOM\s*M\((\d+/\d+)\)""),"""") "),"2/2") -> 2/2 | M32: =IFERROR(__xludf.DUMMYFUNCTION("IFERROR(REGEXEXTRACT($K32,""DOM.*?S\((\d+/\d+)\)""),"""") "),"1/1") -> 1/1 | N32: =IFERROR(__xludf.DUMMYFUNCTION("IFERROR(REGEXEXTRACT($K32,""DOM.*?C\((\d+/\d+)\)""),"""") "),"1/1") -> 1/1 | O32: =IFERROR(__xludf.DUMMYFUNCTION("IFERROR(REGEXEXTRACT($K32,""ECO\s*M\((\d+/\d+)\)""),"""") "),"2/2") -> 2/2 | P32: =IFERROR(__xludf.DUMMYFUNCTION("IFERROR(REGEXEXTRACT($K32,""ECO.*?S\((\d+/\d+)\)""),"""") "),"1/1") -> 1/1 | Q32: =IFERROR(__xludf.DUMMYFUNCTION("IFERROR(REGEXEXTRACT($K32,""ECO.*?C\((\d+/\d+)\)""),"""") "),"2/2") -> 2/2 | R32: =IFERROR(__xludf.DUMMYFUNCTION("IFERROR(REGEXEXTRACT($K32,""LING\s*M\((\d+/\d+)\)""),"""") "),"1/1") -> 1/1 | S32: =IFERROR(__xludf.DUMMYFUNCTION("IFERROR(REGEXEXTRACT($K32,""LING.*?S\((\d+/\d+)\)""),"""") "),"1/1") -> 1/1 | T32: =IFERROR(__xludf.DUMMYFUNCTION("IFERROR(REGEXEXTRACT($K32,""LING[^|]*C\(([0-9]+/[0-9]+)\)""),"""") "),"1/1") -> 1/1 | U32: =IFERROR(__xludf.DUMMYFUNCTION("AND( VALUE(INDEX(SPLIT(L32,""/""),1))=VALUE(INDEX(SPLIT(L32,""/""),2)), VALUE(INDEX(SPLIT(O32,""/""),1))=VALUE(INDEX(SPLIT(O32,""/""),2)), VALUE(INDEX(SPLIT(R32,""/""),1))=VALUE(INDEX(SPLIT(R32,""/""),2)) ) "),TRUE) -> TRUE | V32: =IFERROR(__xludf.DUMMYFUNCTION("IF($U32=TRUE,""OK"", TEXTJOIN("" | "",TRUE, IF(VALUE(INDEX(SPLIT($L32,""/""),2))-VALUE(INDEX(SPLIT($L32,""/""),1))>0, ""DOM faltam ""&(VALUE(INDEX(SPLIT($L32,""/""),2))-VALUE(INDEX(SPLIT($L32,""/""),1))), """"), IF(VALUE(INDEX(SPLIT($O32,""/"")"&",2))-VALUE(INDEX(SPLIT($O32,""/""),1))>0, ""ECO faltam ""&(VALUE(INDEX(SPLIT($O32,""/""),2))-VALUE(INDEX(SPLIT($O32,""/""),1))), """"), IF(VALUE(INDEX(SPLIT($R32,""/""),2))-VALUE(INDEX(SPLIT($R32,""/""),1))>0, ""LING faltam ""&(VALUE(INDEX(SPL"&"IT($R32,""/""),2))-VALUE(INDEX(SPLIT($R32,""/""),1))), """") ) ) "),"OK") -> OK | W32: =IFERROR(__xludf.DUMMYFUNCTION(" (VALUE(INDEX(SPLIT(L32,""/""),2))-VALUE(INDEX(SPLIT(L32,""/""),1))) + (VALUE(INDEX(SPLIT(O32,""/""),2))-VALUE(INDEX(SPLIT(O32,""/""),1))) + (VALUE(INDEX(SPLIT(R32,""/""),2))-VALUE(INDEX(SPLIT(R32,""/""),1))) "),0.0) -> 0 | X32: Domínio: IoT, Web, Embedded Ecossistema: iOS/iPadOS, PCB, Prototipação Linguagens: C++, Java, C Match (requisitos do projeto): DOM: M (1/2)[embedded] S (1/1)[iot] C (0/1)[] ECO: M (1/2)[pcb] S (0/1)[] C (1/2)[prototipação] LING: M (1/1)[c] S (1/1)[c++] C (0/1)[] Colaboração (somente com membros desta equipe): 65-71: SEM_COMUM 65-63: SEM_COMUM 65-261: P11(osf=0.460,slf=0.781); P76(osf=0.821,slf=0.637); P118(osf=0.593,slf=0.504) | Y32: Domínio: IoT, Web, Hardware Ecossistema: iOS/iPadOS, Desenvolvimento de Placa Linguagens: HTML, JavaScript, Python, C Match (requisitos do projeto): DOM: M (1/2)[hardware] S (1/1)[iot] C (0/1)[] ECO: M (1/2)[desenvolvimento de placa] S (0/1)[] C (0/2)[] LING: M (1/1)[c] S (0/1)[] C (1/1)[python] Colaboração (somente com membros desta equipe): 71-63: SEM_COMUM 71-65: SEM_COMUM 71-261: SEM_COMUM | Z32: Domínio: IoT Ecossistema: Eletrônica (circuitos lógicos e analógicos) Linguagens: Lua, Java Match (requisitos do projeto): DOM: M (0/2)[] S (1/1)[iot] C (0/1)[] ECO: M (0/2)[] S (1/1)[eletrônica (circuitos lógicos e analógicos)] C (0/2)[] LING: M (0/1)[] S (0/1)[] C (0/1)[] Colaboração (somente com membros desta equipe): 63-71: SEM_COMUM 63-65: SEM_COMUM 63-261: SEM_COMUM | AA32: Domínio: Cloud Ecossistema: AWS Lambda, Instrumentação (osciloscópio, analisador lógico) Linguagens: Python Match (requisitos do projeto): DOM: M (0/2)[] S (0/1)[] C (1/1)[cloud] ECO: M (0/2)[] S (0/1)[] C (1/2)[instrumentação (osciloscópio, analisador lógico)] LING: M (0/1)[] S (0/1)[] C (1/1)[python] Colaboração (somente com membros desta equipe): 261-71: SEM_COMUM 261-63: SEM_COMUM 261-65: P76(osf=0.821,slf=0.637); P11(osf=0.460,slf=0.781); P118(osf=0.593,slf=0.504)
B33: DOM M[Hardware, Embedded] S[IoT] C[Cloud] ECO M[PCB, Desenvolvimento de Placa] S[Eletrônica (circuitos lógicos e analógicos)] C[Instrumentação (osciloscópio, analisador lógico), Prototipação] LING M[C] S[C++] C[Python] | C33: P6-TEAM1 | D33: Dev508 | E33: Dev193 | F33: Dev36 | G33: Dev335 | H33: 1 | I33: 1 | K33: DOM M(2/2)[hardware, embedded] S(1/1)[iot] C(1/1)[cloud] | ECO M(2/2)[pcb, desenvolvimento de placa] S(1/1)[eletrônica (circuitos lógicos e analógicos)] C(2/2)[instrumentação (osciloscópio, analisador lógico), prototipação] | LING M(1/1)[c] S(1/1)[c++] C(1/1)[python] | L33: =IFERROR(__xludf.DUMMYFUNCTION("IFERROR(REGEXEXTRACT($K33,""DOM\s*M\((\d+/\d+)\)""),"""") "),"2/2") -> 2/2 | M33: =IFERROR(__xludf.DUMMYFUNCTION("IFERROR(REGEXEXTRACT($K33,""DOM.*?S\((\d+/\d+)\)""),"""") "),"1/1") -> 1/1 | N33: =IFERROR(__xludf.DUMMYFUNCTION("IFERROR(REGEXEXTRACT($K33,""DOM.*?C\((\d+/\d+)\)""),"""") "),"1/1") -> 1/1 | O33: =IFERROR(__xludf.DUMMYFUNCTION("IFERROR(REGEXEXTRACT($K33,""ECO\s*M\((\d+/\d+)\)""),"""") "),"2/2") -> 2/2 | P33: =IFERROR(__xludf.DUMMYFUNCTION("IFERROR(REGEXEXTRACT($K33,""ECO.*?S\((\d+/\d+)\)""),"""") "),"1/1") -> 1/1 | Q33: =IFERROR(__xludf.DUMMYFUNCTION("IFERROR(REGEXEXTRACT($K33,""ECO.*?C\((\d+/\d+)\)""),"""") "),"2/2") -> 2/2 | R33: =IFERROR(__xludf.DUMMYFUNCTION("IFERROR(REGEXEXTRACT($K33,""LING\s*M\((\d+/\d+)\)""),"""") "),"1/1") -> 1/1 | S33: =IFERROR(__xludf.DUMMYFUNCTION("IFERROR(REGEXEXTRACT($K33,""LING.*?S\((\d+/\d+)\)""),"""") "),"1/1") -> 1/1 | T33: =IFERROR(__xludf.DUMMYFUNCTION("IFERROR(REGEXEXTRACT($K33,""LING[^|]*C\(([0-9]+/[0-9]+)\)""),"""") "),"1/1") -> 1/1 | U33: =IFERROR(__xludf.DUMMYFUNCTION("AND( VALUE(INDEX(SPLIT(L33,""/""),1))=VALUE(INDEX(SPLIT(L33,""/""),2)), VALUE(INDEX(SPLIT(O33,""/""),1))=VALUE(INDEX(SPLIT(O33,""/""),2)), VALUE(INDEX(SPLIT(R33,""/""),1))=VALUE(INDEX(SPLIT(R33,""/""),2)) ) "),TRUE) -> TRUE | V33: =IFERROR(__xludf.DUMMYFUNCTION("IF($U33=TRUE,""OK"", TEXTJOIN("" | "",TRUE, IF(VALUE(INDEX(SPLIT($L33,""/""),2))-VALUE(INDEX(SPLIT($L33,""/""),1))>0, ""DOM faltam ""&(VALUE(INDEX(SPLIT($L33,""/""),2))-VALUE(INDEX(SPLIT($L33,""/""),1))), """"), IF(VALUE(INDEX(SPLIT($O33,""/"")"&",2))-VALUE(INDEX(SPLIT($O33,""/""),1))>0, ""ECO faltam ""&(VALUE(INDEX(SPLIT($O33,""/""),2))-VALUE(INDEX(SPLIT($O33,""/""),1))), """"), IF(VALUE(INDEX(SPLIT($R33,""/""),2))-VALUE(INDEX(SPLIT($R33,""/""),1))>0, ""LING faltam ""&(VALUE(INDEX(SPL"&"IT($R33,""/""),2))-VALUE(INDEX(SPLIT($R33,""/""),1))), """") ) ) "),"OK") -> OK | W33: =IFERROR(__xludf.DUMMYFUNCTION(" (VALUE(INDEX(SPLIT(L33,""/""),2))-VALUE(INDEX(SPLIT(L33,""/""),1))) + (VALUE(INDEX(SPLIT(O33,""/""),2))-VALUE(INDEX(SPLIT(O33,""/""),1))) + (VALUE(INDEX(SPLIT(R33,""/""),2))-VALUE(INDEX(SPLIT(R33,""/""),1))) "),0.0) -> 0 | X33: Domínio: Web, Embedded Ecossistema: React, PCB Linguagens: JavaScript, C Match (requisitos do projeto): DOM: M (1/2)[embedded] S (0/1)[] C (0/1)[] ECO: M (1/2)[pcb] S (0/1)[] C (0/2)[] LING: M (1/1)[c] S (0/1)[] C (0/1)[] Colaboração (somente com membros desta equipe): 508-36: SEM_COMUM 508-193: SEM_COMUM 508-335: SEM_COMUM | Y33: Domínio: Web, Hardware Ecossistema: Spring Boot, Desenvolvimento de Placa Linguagens: Java, C++, Python Match (requisitos do projeto): DOM: M (1/2)[hardware] S (0/1)[] C (0/1)[] ECO: M (1/2)[desenvolvimento de placa] S (0/1)[] C (0/2)[] LING: M (0/1)[] S (1/1)[c++] C (1/1)[python] Colaboração (somente com membros desta equipe): 193-36: SEM_COMUM 193-335: SEM_COMUM 193-508: SEM_COMUM | Z33: Domínio: Mobile, IoT Ecossistema: Android, Eletrônica (circuitos lógicos e analógicos), Prototipação Linguagens: Kotlin, C++ Match (requisitos do projeto): DOM: M (0/2)[] S (1/1)[iot] C (0/1)[] ECO: M (0/2)[] S (1/1)[eletrônica (circuitos lógicos e analógicos)] C (1/2)[prototipação] LING: M (0/1)[] S (1/1)[c++] C (0/1)[] Colaboração (somente com membros desta equipe): 36-193: SEM_COMUM 36-335: SEM_COMUM 36-508: SEM_COMUM | AA33: Domínio: Desktop, Cloud Ecossistema: .NET, Instrumentação (osciloscópio, analisador lógico) Linguagens: C#, C Match (requisitos do projeto): DOM: M (0/2)[] S (0/1)[] C (1/1)[cloud] ECO: M (0/2)[] S (0/1)[] C (1/2)[instrumentação (osciloscópio, analisador lógico)] LING: M (1/1)[c] S (0/1)[] C (0/1)[] Colaboração (somente com membros desta equipe): 335-508: P196(osf=0.888,slf=0.339) 335-193: P85(osf=0.784,slf=0.538); P82(osf=0.567,slf=0.737) 335-36: P82(osf=0.567,slf=0.737)
C34: P6-TEAM2 | D34: Dev242 | E34: Dev168 | F34: Dev446 | G34: Dev93 | H34: 2 | I34: 3 | K34: DOM M(2/2)[hardware, embedded] S(1/1)[iot] C(1/1)[cloud] | ECO M(2/2)[pcb, desenvolvimento de placa] S(1/1)[eletrônica (circuitos lógicos e analógicos)] C(2/2)[instrumentação (osciloscópio, analisador lógico), prototipação] | LING M(1/1)[c] S(1/1)[c++] C(1/1)[python] | L34: =IFERROR(__xludf.DUMMYFUNCTION("IFERROR(REGEXEXTRACT($K34,""DOM\s*M\((\d+/\d+)\)""),"""") "),"2/2") -> 2/2 | M34: =IFERROR(__xludf.DUMMYFUNCTION("IFERROR(REGEXEXTRACT($K34,""DOM.*?S\((\d+/\d+)\)""),"""") "),"1/1") -> 1/1 | N34: =IFERROR(__xludf.DUMMYFUNCTION("IFERROR(REGEXEXTRACT($K34,""DOM.*?C\((\d+/\d+)\)""),"""") "),"1/1") -> 1/1 | O34: =IFERROR(__xludf.DUMMYFUNCTION("IFERROR(REGEXEXTRACT($K34,""ECO\s*M\((\d+/\d+)\)""),"""") "),"2/2") -> 2/2 | P34: =IFERROR(__xludf.DUMMYFUNCTION("IFERROR(REGEXEXTRACT($K34,""ECO.*?S\((\d+/\d+)\)""),"""") "),"1/1") -> 1/1 | Q34: =IFERROR(__xludf.DUMMYFUNCTION("IFERROR(REGEXEXTRACT($K34,""ECO.*?C\((\d+/\d+)\)""),"""") "),"2/2") -> 2/2 | R34: =IFERROR(__xludf.DUMMYFUNCTION("IFERROR(REGEXEXTRACT($K34,""LING\s*M\((\d+/\d+)\)""),"""") "),"1/1") -> 1/1 | S34: =IFERROR(__xludf.DUMMYFUNCTION("IFERROR(REGEXEXTRACT($K34,""LING.*?S\((\d+/\d+)\)""),"""") "),"1/1") -> 1/1 | T34: =IFERROR(__xludf.DUMMYFUNCTION("IFERROR(REGEXEXTRACT($K34,""LING[^|]*C\(([0-9]+/[0-9]+)\)""),"""") "),"1/1") -> 1/1 | U34: =IFERROR(__xludf.DUMMYFUNCTION("AND( VALUE(INDEX(SPLIT(L34,""/""),1))=VALUE(INDEX(SPLIT(L34,""/""),2)), VALUE(INDEX(SPLIT(O34,""/""),1))=VALUE(INDEX(SPLIT(O34,""/""),2)), VALUE(INDEX(SPLIT(R34,""/""),1))=VALUE(INDEX(SPLIT(R34,""/""),2)) ) "),TRUE) -> TRUE | V34: =IFERROR(__xludf.DUMMYFUNCTION("IF($U34=TRUE,""OK"", TEXTJOIN("" | "",TRUE, IF(VALUE(INDEX(SPLIT($L34,""/""),2))-VALUE(INDEX(SPLIT($L34,""/""),1))>0, ""DOM faltam ""&(VALUE(INDEX(SPLIT($L34,""/""),2))-VALUE(INDEX(SPLIT($L34,""/""),1))), """"), IF(VALUE(INDEX(SPLIT($O34,""/"")"&",2))-VALUE(INDEX(SPLIT($O34,""/""),1))>0, ""ECO faltam ""&(VALUE(INDEX(SPLIT($O34,""/""),2))-VALUE(INDEX(SPLIT($O34,""/""),1))), """"), IF(VALUE(INDEX(SPLIT($R34,""/""),2))-VALUE(INDEX(SPLIT($R34,""/""),1))>0, ""LING faltam ""&(VALUE(INDEX(SPL"&"IT($R34,""/""),2))-VALUE(INDEX(SPLIT($R34,""/""),1))), """") ) ) "),"OK") -> OK | W34: =IFERROR(__xludf.DUMMYFUNCTION(" (VALUE(INDEX(SPLIT(L34,""/""),2))-VALUE(INDEX(SPLIT(L34,""/""),1))) + (VALUE(INDEX(SPLIT(O34,""/""),2))-VALUE(INDEX(SPLIT(O34,""/""),1))) + (VALUE(INDEX(SPLIT(R34,""/""),2))-VALUE(INDEX(SPLIT(R34,""/""),1))) "),0.0) -> 0 | X34: Domínio: Web, Embedded, Hardware Ecossistema: Node.js, PCB Linguagens: JavaScript, C, C++ Match (requisitos do projeto): DOM: M (2/2)[hardware, embedded] S (0/1)[] C (0/1)[] ECO: M (1/2)[pcb] S (0/1)[] C (0/2)[] LING: M (1/1)[c] S (1/1)[c++] C (0/1)[] Colaboração (somente com membros desta equipe): 242-93: SEM_COMUM 242-168: SEM_COMUM 242-446: SEM_COMUM | Y34: Domínio: Mobile, IoT Ecossistema: Android, Eletrônica (circuitos lógicos e analógicos) Linguagens: Kotlin Match (requisitos do projeto): DOM: M (0/2)[] S (1/1)[iot] C (0/1)[] ECO: M (0/2)[] S (1/1)[eletrônica (circuitos lógicos e analógicos)] C (0/2)[] LING: M (0/1)[] S (0/1)[] C (0/1)[] Colaboração (somente com membros desta equipe [Dev242, Dev168, Dev446, Dev93]): 168-242: SEM_COMUM 168-446: SEM_COMUM 168-93: SEM_COMUM | Z34: Domínio: Mobile Ecossistema: Android, Desenvolvimento de Placa, Prototipação Linguagens: Kotlin Match (requisitos do projeto): DOM: M (0/2)[] S (0/1)[] C (0/1)[] ECO: M (1/2)[desenvolvimento de placa] S (0/1)[] C (1/2)[prototipação] LING: M (0/1)[] S (0/1)[] C (0/1)[] Colaboração (somente com membros desta equipe): 446-93: SEM_COMUM 446-168: SEM_COMUM 446-242: SEM_COMUM | AA34: Domínio: Desktop, Cloud Ecossistema: .NET, Instrumentação (osciloscópio, analisador lógico) Linguagens: C#, Python Match (requisitos do projeto): DOM: M (0/2)[] S (0/1)[] C (1/1)[cloud] ECO: M (0/2)[] S (0/1)[] C (1/2)[instrumentação (osciloscópio, analisador lógico)] LING: M (0/1)[] S (0/1)[] C (1/1)[python] Colaboração (somente com membros desta equipe): 93-168: SEM_COMUM 93-242: SEM_COMUM 93-446: SEM_COMUM
C35: P6-TEAM3 | D35: Dev568 | E35: Dev463 | F35: Dev7 | G35: Dev498 | H35: 5 | I35: 5 | K35: DOM M(0/2)[] S(0/1)[] C(0/1)[] | ECO M(0/2)[] S(0/1)[] C(0/3)[] | LING M(0/1)[] S(0/1)[] C(0/1)[] | L35: =IFERROR(__xludf.DUMMYFUNCTION("IFERROR(REGEXEXTRACT($K35,""DOM\s*M\((\d+/\d+)\)""),"""") "),"0/2") -> 0/2 | M35: =IFERROR(__xludf.DUMMYFUNCTION("IFERROR(REGEXEXTRACT($K35,""DOM.*?S\((\d+/\d+)\)""),"""") "),"0/1") -> 0/1 | N35: =IFERROR(__xludf.DUMMYFUNCTION("IFERROR(REGEXEXTRACT($K35,""DOM.*?C\((\d+/\d+)\)""),"""") "),"0/1") -> 0/1 | O35: =IFERROR(__xludf.DUMMYFUNCTION("IFERROR(REGEXEXTRACT($K35,""ECO\s*M\((\d+/\d+)\)""),"""") "),"0/2") -> 0/2 | P35: =IFERROR(__xludf.DUMMYFUNCTION("IFERROR(REGEXEXTRACT($K35,""ECO.*?S\((\d+/\d+)\)""),"""") "),"0/1") -> 0/1 | Q35: =IFERROR(__xludf.DUMMYFUNCTION("IFERROR(REGEXEXTRACT($K35,""ECO.*?C\((\d+/\d+)\)""),"""") "),"0/3") -> 0/3 | R35: =IFERROR(__xludf.DUMMYFUNCTION("IFERROR(REGEXEXTRACT($K35,""LING\s*M\((\d+/\d+)\)""),"""") "),"0/1") -> 0/1 | S35: =IFERROR(__xludf.DUMMYFUNCTION("IFERROR(REGEXEXTRACT($K35,""LING.*?S\((\d+/\d+)\)""),"""") "),"0/1") -> 0/1 | T35: =IFERROR(__xludf.DUMMYFUNCTION("IFERROR(REGEXEXTRACT($K35,""LING[^|]*C\(([0-9]+/[0-9]+)\)""),"""") "),"0/1") -> 0/1 | U35: =IFERROR(__xludf.DUMMYFUNCTION("AND( VALUE(INDEX(SPLIT(L35,""/""),1))=VALUE(INDEX(SPLIT(L35,""/""),2)), VALUE(INDEX(SPLIT(O35,""/""),1))=VALUE(INDEX(SPLIT(O35,""/""),2)), VALUE(INDEX(SPLIT(R35,""/""),1))=VALUE(INDEX(SPLIT(R35,""/""),2)) ) "),FALSE) -> FALSE | V35: =IFERROR(__xludf.DUMMYFUNCTION("IF($U35=TRUE,""OK"", TEXTJOIN("" | "",TRUE, IF(VALUE(INDEX(SPLIT($L35,""/""),2))-VALUE(INDEX(SPLIT($L35,""/""),1))>0, ""DOM faltam ""&(VALUE(INDEX(SPLIT($L35,""/""),2))-VALUE(INDEX(SPLIT($L35,""/""),1))), """"), IF(VALUE(INDEX(SPLIT($O35,""/"")"&",2))-VALUE(INDEX(SPLIT($O35,""/""),1))>0, ""ECO faltam ""&(VALUE(INDEX(SPLIT($O35,""/""),2))-VALUE(INDEX(SPLIT($O35,""/""),1))), """"), IF(VALUE(INDEX(SPLIT($R35,""/""),2))-VALUE(INDEX(SPLIT($R35,""/""),1))>0, ""LING faltam ""&(VALUE(INDEX(SPL"&"IT($R35,""/""),2))-VALUE(INDEX(SPLIT($R35,""/""),1))), """") ) ) "),"DOM faltam 2 | ECO faltam 2 | LING faltam 1") -> DOM faltam 2 | ECO faltam 2 | LING faltam 1 | W35: =IFERROR(__xludf.DUMMYFUNCTION(" (VALUE(INDEX(SPLIT(L35,""/""),2))-VALUE(INDEX(SPLIT(L35,""/""),1))) + (VALUE(INDEX(SPLIT(O35,""/""),2))-VALUE(INDEX(SPLIT(O35,""/""),1))) + (VALUE(INDEX(SPLIT(R35,""/""),2))-VALUE(INDEX(SPLIT(R35,""/""),1))) "),5.0) -> 5 | X35: Domínio: Web Ecossistema: React Linguagens: JavaScript Match (requisitos do projeto): DOM: M (0/2)[] S (0/1)[] C (0/1)[] ECO: M (0/2)[] S (0/1)[] C (0/2)[] LING: M (0/1)[] S (0/1)[] C (0/1)[] Colaboração (somente com membros desta equipe [Dev568, Dev463, Dev7, Dev498]): 568-463: P184(osf=0.615,slf=0.450); P272(osf=0.487,slf=0.637); P274(osf=0.411,slf=0.591) 568-7: SEM_COMUM 568-498: SEM_COMUM | Y35: Domínio: Web Ecossistema: Vue Linguagens: JavaScript Match (requisitos do projeto): DOM: M (0/2)[] S (0/1)[] C (0/1)[] ECO: M (0/2)[] S (0/1)[] C (0/3)[] LING: M (0/1)[] S (0/1)[] C (0/1)[] Colaboração (somente com membros desta equipe): 463-7: SEM_COMUM 463-498: SEM_COMUM 463-568: SEM_COMUM | Z35: Domínio: Web Ecossistema: React Linguagens: JavaScript Match (requisitos do projeto): DOM: M (0/2)[] S (0/1)[] C (0/1)[] ECO: M (0/2)[] S (0/1)[] C (0/3)[] LING: M (0/1)[] S (0/1)[] C (0/1)[] Colaboração (somente com membros desta equipe): 7-463: SEM_COMUM 7-498: SEM_COMUM 7-568: SEM_COMUM | AA35: Domínio: Mobile Ecossistema: Android Linguagens: Kotlin Match (requisitos do projeto): DOM: M (0/2)[] S (0/1)[] C (0/1)[] ECO: M (0/2)[] S (0/1)[] C (0/2)[] LING: M (0/1)[] S (1/1)[kotlin] C (0/1)[] Colaboração (somente com membros desta equipe [Dev568, Dev463, Dev7, Dev498]): 498-568: SEM_COMUM 498-463: P85(osf=0.784,slf=0.538); P82(osf=0.567,slf=0.737) 498-7: P85(osf=0.784,slf=0.538); P82(osf=0.567,slf=0.737)
C36: P6-TEAM4 | D36: Dev67 | E36: Dev94 | F36: Dev291 | G36: Dev450 | H36: 5 | I36: 5 | K36: DOM M(0/2)[] S(0/1)[] C(0/1)[] | ECO M(0/2)[] S(0/1)[] C(0/3)[] | LING M(0/1)[] S(0/1)[] C(0/1)[] | L36: =IFERROR(__xludf.DUMMYFUNCTION("IFERROR(REGEXEXTRACT($K36,""DOM\s*M\((\d+/\d+)\)""),"""") "),"0/2") -> 0/2 | M36: =IFERROR(__xludf.DUMMYFUNCTION("IFERROR(REGEXEXTRACT($K36,""DOM.*?S\((\d+/\d+)\)""),"""") "),"0/1") -> 0/1 | N36: =IFERROR(__xludf.DUMMYFUNCTION("IFERROR(REGEXEXTRACT($K36,""DOM.*?C\((\d+/\d+)\)""),"""") "),"0/1") -> 0/1 | O36: =IFERROR(__xludf.DUMMYFUNCTION("IFERROR(REGEXEXTRACT($K36,""ECO\s*M\((\d+/\d+)\)""),"""") "),"0/2") -> 0/2 | P36: =IFERROR(__xludf.DUMMYFUNCTION("IFERROR(REGEXEXTRACT($K36,""ECO.*?S\((\d+/\d+)\)""),"""") "),"0/1") -> 0/1 | Q36: =IFERROR(__xludf.DUMMYFUNCTION("IFERROR(REGEXEXTRACT($K36,""ECO.*?C\((\d+/\d+)\)""),"""") "),"0/3") -> 0/3 | R36: =IFERROR(__xludf.DUMMYFUNCTION("IFERROR(REGEXEXTRACT($K36,""LING\s*M\((\d+/\d+)\)""),"""") "),"0/1") -> 0/1 | S36: =IFERROR(__xludf.DUMMYFUNCTION("IFERROR(REGEXEXTRACT($K36,""LING.*?S\((\d+/\d+)\)""),"""") "),"0/1") -> 0/1 | T36: =IFERROR(__xludf.DUMMYFUNCTION("IFERROR(REGEXEXTRACT($K36,""LING[^|]*C\(([0-9]+/[0-9]+)\)""),"""") "),"0/1") -> 0/1 | U36: =IFERROR(__xludf.DUMMYFUNCTION("AND( VALUE(INDEX(SPLIT(L36,""/""),1))=VALUE(INDEX(SPLIT(L36,""/""),2)), VALUE(INDEX(SPLIT(O36,""/""),1))=VALUE(INDEX(SPLIT(O36,""/""),2)), VALUE(INDEX(SPLIT(R36,""/""),1))=VALUE(INDEX(SPLIT(R36,""/""),2)) ) "),FALSE) -> FALSE | V36: =IFERROR(__xludf.DUMMYFUNCTION("IF($U36=TRUE,""OK"", TEXTJOIN("" | "",TRUE, IF(VALUE(INDEX(SPLIT($L36,""/""),2))-VALUE(INDEX(SPLIT($L36,""/""),1))>0, ""DOM faltam ""&(VALUE(INDEX(SPLIT($L36,""/""),2))-VALUE(INDEX(SPLIT($L36,""/""),1))), """"), IF(VALUE(INDEX(SPLIT($O36,""/"")"&",2))-VALUE(INDEX(SPLIT($O36,""/""),1))>0, ""ECO faltam ""&(VALUE(INDEX(SPLIT($O36,""/""),2))-VALUE(INDEX(SPLIT($O36,""/""),1))), """"), IF(VALUE(INDEX(SPLIT($R36,""/""),2))-VALUE(INDEX(SPLIT($R36,""/""),1))>0, ""LING faltam ""&(VALUE(INDEX(SPL"&"IT($R36,""/""),2))-VALUE(INDEX(SPLIT($R36,""/""),1))), """") ) ) "),"DOM faltam 2 | ECO faltam 2 | LING faltam 1") -> DOM faltam 2 | ECO faltam 2 | LING faltam 1 | W36: =IFERROR(__xludf.DUMMYFUNCTION(" (VALUE(INDEX(SPLIT(L36,""/""),2))-VALUE(INDEX(SPLIT(L36,""/""),1))) + (VALUE(INDEX(SPLIT(O36,""/""),2))-VALUE(INDEX(SPLIT(O36,""/""),1))) + (VALUE(INDEX(SPLIT(R36,""/""),2))-VALUE(INDEX(SPLIT(R36,""/""),1))) "),5.0) -> 5 | X36: Domínio: Web Ecossistema: Spring Boot Linguagens: Java Match (requisitos do projeto): DOM: M (0/2)[] S (0/1)[] C (0/1)[] ECO: M (0/2)[] S (0/1)[] C (0/2)[] LING: M (0/1)[] S (0/1)[] C (0/1)[] Colaboração (somente com membros desta equipe [Dev498, Dev67, Dev94, Dev291]): 67-498: SEM_COMUM 67-94: SEM_COMUM 67-291: SEM_COMUM | Y36: Domínio: Web Ecossistema: Vue Linguagens: JavaScript Match (requisitos do projeto): DOM: M (0/2)[] S (0/1)[] C (0/1)[] ECO: M (0/2)[] S (0/1)[] C (0/2)[] LING: M (0/1)[] S (0/1)[] C (0/1)[] Colaboração (somente com membros desta equipe [Dev498, Dev67, Dev94, Dev291]): 94-498: SEM_COMUM 94-67: SEM_COMUM 94-291: P82(osf=0.567,slf=0.737) | Z36: Domínio: Desktop Ecossistema: .NET Linguagens: C# Match (requisitos do projeto): DOM: M (0/2)[] S (0/1)[] C (0/1)[] ECO: M (0/2)[] S (0/1)[] C (0/2)[] LING: M (0/1)[] S (0/1)[] C (0/1)[] Colaboração (somente com membros desta equipe [Dev498, Dev67, Dev94, Dev291]): 291-498: SEM_COMUM 291-67: SEM_COMUM 291-94: P82(osf=0.567,slf=0.737) | AA36: Domínio: Desktop Ecossistema: .NET Linguagens: C# Match (requisitos do projeto): DOM: M (0/2)[] S (0/1)[] C (0/1)[] ECO: M (0/2)[] S (0/1)[] C (0/3)[] LING: M (0/1)[] S (0/1)[] C (0/1)[] Colaboração (somente com membros desta equipe): 450-67: SEM_COMUM 450-94: SEM_COMUM 450-291: SEM_COMUM
K39: -
AI40: =+AI59

Sheet Expert_x_BN
A1: projeto_id | B1: projeto e requisitos | C1: equipe_id | D1: dev1 | E1: dev2 | F1: dev3 | G1: dev4 | H1: rank_expert | I1: nota_global | J1: rank_bn | K1: rank_bn (0.0005) | L1: rank_bn sigma=0.01 | M1: rank_bn sigma=0.05 | N1: rank_bn sigma=0.1 | O1: rank_bn(0.5) | P1: rank_bn | Q1: ae_bn_mean | R1: ae_bn_mean | S1: rank_bn | T1: rank_expert_adjusted
A2: P1 | B2: =IFERROR(VLOOKUP(A2,Projetos!$A$2:$C$7,2,FALSE),"") -> .NET Corporate Portal Maintainance | C2: P1-TEAM0 | D2: Dev169 | E2: Dev27 | F2: Dev81 | G2: Dev363 | H2: 3 | I2: 4 | J2: 2 | K2: 2 | L2: 2 | M2: 2 | N2: 2 | O2: 2 | P2: 2 | Q2: 0.164574 | R2: 0.164574 | S2: 2 | T2: 3
B3: =IFERROR( "DOM M["&VLOOKUP($A2,Projetos!$A:$L,4,FALSE)&"] S["&VLOOKUP($A2,Projetos!$A:$L,5,FALSE)&"] C["&VLOOKUP($A2,Projetos!$A:$L,6,FALSE)&"]"&CHAR(10)& "ECO M["&VLOOKUP($A2,Projetos!$A:$L,7,FALSE)&"] S["&VLOOKUP($A2,Projetos!$A:$L,8,FALSE)&"] C["&VLOOKUP($A2,Projetos!$A:$L,9,FALSE)&"]"&CHAR(10)& "LING M["&VLOOKUP($A2,Projetos!$A:$L,10,FALSE)&"] S["&VLOOKUP($A2,Projetos!$A:$L,11,FALSE)&"] C["&VLOOKUP($A2,Projetos!$A:$L,12,FALSE)&"]" ,"") -> DOM M[Desktop, Web] S[Cloud] C[Mobile] ECO M[.NET] S[React] C[MongoDB] LING M[C#] S[JavaScript, TypeScript] C[Python] | C3: P1-TEAM1 | D3: Dev71 | E3: Dev518 | F3: Dev509 | G3: Dev439 | H3: 4 | I3: 5 | J3: 5 | K3: 3 | L3: 5 | M3: 5 | N3: 5 | O3: 5 | P3: 5 | Q3: 0.106921 | R3: 0.106921 | S3: 5 | T3: 4 | U3: pior
C4: P1-TEAM2 | D4: Dev205 | E4: Dev526 | F4: Dev363 | G4: Dev447 | H4: 4 | I4: 5 | J4: 4 | K4: 4 | L4: 4 | M4: 4 | N4: 3 | O4: 3 | P4: 4 | Q4: 0.122672 | R4: 0.122672 | S4: 4 | T4: 4
C5: P1-TEAM3 | D5: Dev33 | E5: Dev303 | F5: Dev270 | G5: Dev93 | H5: 1 | I5: 3 | J5: 1 | K5: 1 | L5: 1 | M5: 1 | N5: 1 | O5: 1 | P5: 1 | Q5: 0.541278 | R5: 0.541278 | S5: 1 | T5: 1 | U5: melhor
C6: P1-TEAM4 | D6: Dev316 | E6: Dev389 | F6: Dev526 | G6: Dev308 | H6: 2 | I6: 3 | J6: 3 | K6: 5 | L6: 3 | M6: 3 | N6: 4 | O6: 4 | P6: 3 | Q6: 0.128993 | R6: 0.128993 | S6: 3 | T6: 2
A8: P2 | B8: =IFERROR(VLOOKUP(A8,Projetos!$A$2:$C$7,2,FALSE),"") -> Hybrid Mobile App with Web Panel | C8: P2-TEAM0 | D8: Dev466 | E8: Dev93 | F8: Dev437 | G8: Dev292 | H8: 1 | I8: 1 | J8: 2 | K8: 2 | L8: 2 | M8: 2 | N8: 2 | O8: 1 | P8: 2 | Q8: 0.275664 | R8: 0.275664 | S8: 2 | T8: 1 | U8: a melhor do expert ficou em 2o na RB
B9: =IFERROR( "DOM M["&VLOOKUP($A8,Projetos!$A:$L,4,FALSE)&"] S["&VLOOKUP($A8,Projetos!$A:$L,5,FALSE)&"] C["&VLOOKUP($A8,Projetos!$A:$L,6,FALSE)&"]"&CHAR(10)& "ECO M["&VLOOKUP($A8,Projetos!$A:$L,7,FALSE)&"] S["&VLOOKUP($A8,Projetos!$A:$L,8,FALSE)&"] C["&VLOOKUP($A8,Projetos!$A:$L,9,FALSE)&"]"&CHAR(10)& "LING M["&VLOOKUP($A8,Projetos!$A:$L,10,FALSE)&"] S["&VLOOKUP($A8,Projetos!$A:$L,11,FALSE)&"] C["&VLOOKUP($A8,Projetos!$A:$L,12,FALSE)&"]" ,"") -> DOM M[Mobile] S[Web] C[Cloud] ECO M[Android, iOS/iPadOS] S[React] C[.NET] LING M[Kotlin, Swift] S[JavaScript, TypeScript] C[Java, C#] | C9: P2-TEAM1 | D9: Dev270 | E9: Dev411 | F9: Dev479 | G9: Dev503 | H9: 2 | I9: 1 | J9: 5 | K9: 5 | L9: 5 | M9: 5 | N9: 5 | O9: 4 | P9: 5 | Q9: 0.15454 | R9: 0.15454 | S9: 5 | T9: 2
C10: P2-TEAM2 | D10: Dev115 | E10: Dev119 | F10: Dev399 | G10: Dev193 | H10: 3 | I10: 2 | J10: 3 | K10: 3 | L10: 3 | M10: 3 | N10: 3 | O10: 2 | P10: 3 | Q10: 0.275664 | R10: 0.275664 | S10: 2 | T10: 3
C11: P2-TEAM3 | D11: Dev468 | E11: Dev263 | F11: Dev503 | G11: Dev5 | H11: 4 | I11: 4 | J11: 4 | K11: 4 | L11: 4 | M11: 4 | N11: 4 | O11: 3 | P11: 4 | Q11: 0.275664 | R11: 0.275664 | S11: 2 | T11: 5 | U11: o pior do expert ficou empatado em 2o na RB
C12: P2-TEAM4 | D12: Dev104 | E12: Dev363 | F12: Dev544 | G12: Dev81 | H12: 3 | I12: 4 | J12: 1 | K12: 1 | L12: 1 | M12: 1 | N12: 1 | O12: 5 | P12: 1 | Q12: 0.395012 | R12: 0.395012 | S12: 1 | T12: 3
A14: P3 | B14: =IFERROR(VLOOKUP(A14,Projetos!$A$2:$C$7,2,FALSE),"") -> Cloud IoT Sensor Platform | C14: P3-TEAM0 | D14: Dev423 | E14: Dev558 | F14: Dev494 | G14: Dev391 | H14: 3 | I14: 2 | J14: 1 | K14: 1 | L14: 1 | M14: 1 | N14: 1 | O14: 1 | P14: 1 | Q14: 0.325603 | R14: 0.325603 | S14: 1 | T14: 1 | U14: melhor
B15: =IFERROR( "DOM M["&VLOOKUP($A14,Projetos!$A:$L,4,FALSE)&"] S["&VLOOKUP($A14,Projetos!$A:$L,5,FALSE)&"] C["&VLOOKUP($A14,Projetos!$A:$L,6,FALSE)&"]"&CHAR(10)& "ECO M["&VLOOKUP($A14,Projetos!$A:$L,7,FALSE)&"] S["&VLOOKUP($A14,Projetos!$A:$L,8,FALSE)&"] C["&VLOOKUP($A14,Projetos!$A:$L,9,FALSE)&"]"&CHAR(10)& "LING M["&VLOOKUP($A14,Projetos!$A:$L,10,FALSE)&"] S["&VLOOKUP($A14,Projetos!$A:$L,11,FALSE)&"] C["&VLOOKUP($A14,Projetos!$A:$L,12,FALSE)&"]" ,"") -> DOM M[IoT, Cloud] S[Web] C[Desktop] ECO M[AWS Lambda] S[React, Angular, MongoDB] C[Android] LING M[Python, C++] S[JavaScript] C[Java, TypeScript] | C15: P3-TEAM1 | D15: Dev104 | E15: Dev446 | F15: Dev152 | G15: Dev465 | H15: 5 | I15: 4 | J15: 2 | K15: 2 | L15: 2 | M15: 2 | N15: 2 | O15: 2 | P15: 2 | Q15: 0.106921 | R15: 0.106921 | S15: 2 | T15: 4 | U15: pior bateu, mas como 4 equipes tinham uma cobertura muito ruim, ficou um cenário de difícil avaliação pq 4 equipes a RB avaliou com o mesmo score (0.11), ou seja, sem muita diversificação
C16: P3-TEAM2 | D16: Dev362 | E16: Dev242 | F16: Dev450 | G16: Dev161 | H16: 4 | I16: 4 | J16: 3 | K16: 3 | L16: 3 | M16: 3 | N16: 3 | O16: 3 | P16: 3 | Q16: 0.106921 | R16: 0.106921 | S16: 2 | T16: 3
C17: P3-TEAM3 | D17: Dev362 | E17: Dev354 | F17: Dev495 | G17: Dev458 | H17: 3 | I17: 3 | J17: 4 | K17: 4 | L17: 4 | M17: 4 | N17: 4 | O17: 4 | P17: 4 | Q17: 0.106921 | R17: 0.106921 | S17: 2 | T17: 1
C18: P3-TEAM4 | D18: Dev439 | E18: Dev16 | F18: Dev209 | G18: Dev463 | H18: 5 | I18: 5 | J18: 5 | K18: 5 | L18: 5 | M18: 5 | N18: 5 | O18: 5 | P18: 5 | Q18: 0.106921 | R18: 0.106921 | S18: 2 | T18: 4
A20: P4 | B20: =IFERROR(VLOOKUP(A20,Projetos!$A$2:$C$7,2,FALSE),"") -> Web Analytic Reports SaaS | C20: P4-TEAM0 | D20: Dev263 | E20: Dev241 | F20: Dev303 | G20: Dev548 | H20: 2 | I20: 2 | J20: 1 | K20: 4 | L20: 4 | M20: 2 | N20: 2 | O20: 5 | P20: 2 | Q20: 0.399933 | R20: 0.399933 | S20: 2 | T20: 2
B21: =IFERROR( "DOM M["&VLOOKUP($A20,Projetos!$A:$L,4,FALSE)&"] S["&VLOOKUP($A20,Projetos!$A:$L,5,FALSE)&"] C["&VLOOKUP($A20,Projetos!$A:$L,6,FALSE)&"]"&CHAR(10)& "ECO M["&VLOOKUP($A20,Projetos!$A:$L,7,FALSE)&"] S["&VLOOKUP($A20,Projetos!$A:$L,8,FALSE)&"] C["&VLOOKUP($A20,Projetos!$A:$L,9,FALSE)&"]"&CHAR(10)& "LING M["&VLOOKUP($A20,Projetos!$A:$L,10,FALSE)&"] S["&VLOOKUP($A20,Projetos!$A:$L,11,FALSE)&"] C["&VLOOKUP($A20,Projetos!$A:$L,12,FALSE)&"]" ,"") -> DOM M[Web] S[Cloud] C[Desktop] ECO M[MongoDB] S[Angular, React] C[AWS Lambda] LING M[JavaScript] S[TypeScript, Python] C[Java, C#] | C21: P4-TEAM1 | D21: Dev145 | E21: Dev38 | F21: Dev225 | G21: Dev263 | H21: 3 | I21: 3 | J21: 3 | K21: 2 | L21: 2 | M21: 3 | N21: 3 | O21: 2 | P21: 3 | Q21: 0.387124 | R21: 0.387124 | S21: 3 | T21: 3
C22: P4-TEAM2 | D22: Dev193 | E22: Dev194 | F22: Dev7 | G22: Dev154 | H22: 1 | I22: 1 | J22: 2 | K22: 1 | L22: 1 | M22: 1 | N22: 1 | O22: 1 | P22: 1 | Q22: 0.48989 | R22: 0.48989 | S22: 1 | T22: 1 | U22: melhor
C23: P4-TEAM3 | D23: Dev438 | E23: Dev270 | F23: Dev104 | G23: Dev293 | H23: 3 | I23: 4 | J23: 5 | K23: 5 | L23: 5 | M23: 5 | N23: 5 | O23: 4 | P23: 5 | Q23: 0.325413 | R23: 0.325413 | S23: 5 | T23: 3
C24: P4-TEAM4 | D24: Dev198 | E24: Dev415 | F24: Dev62 | G24: Dev559 | H24: 4 | I24: 5 | J24: 4 | K24: 3 | L24: 3 | M24: 4 | N24: 4 | O24: 3 | P24: 4 | Q24: 0.387124 | R24: 0.387124 | S24: 3 | T24: 5 | U24: pior não bateu, mas foi a 2a pior equipe da RB
A26: P5 | B26: =IFERROR(VLOOKUP(A26,Projetos!$A$2:$C$7,2,FALSE),"") -> Critical Web + Cloud Platform | C26: P5-TEAM0 | D26: Dev174 | E26: Dev265 | F26: Dev524 | G26: Dev169 | H26: 5 | J26: 5 | K26: 4 | L26: 5 | M26: 5 | N26: 5 | O26: 5 | P26: 5 | Q26: 0.128993 | R26: 0.128993 | S26: 5 | T26: 5 | U26: pior
B27: DOM M[Web, Cloud] S[Mobile] C[Desktop] ECO M[React, AWS Lambda, MongoDB] S[.NET] C[Android] LING M[JavaScript, TypeScript, Python] S[C#, Java] C[Kotlin, Swift] | C27: P5-TEAM1 | D27: Dev438 | E27: Dev558 | F27: Dev461 | G27: Dev297 | H27: 2 | J27: 1 | K27: 1 | L27: 1 | M27: 1 | N27: 1 | O27: 1 | P27: 1 | Q27: 0.375186 | R27: 0.375186 | S27: 1 | T27: 1 | U27: melhor
C28: P5-TEAM2 | D28: Dev324 | E28: Dev439 | F28: Dev370 | G28: Dev250 | H28: 3 | J28: 2 | K28: 2 | L28: 2 | M28: 2 | N28: 2 | O28: 3 | P28: 2 | Q28: 0.225689 | R28: 0.225689 | S28: 2 | T28: 3
C29: P5-TEAM3 | D29: Dev331 | E29: Dev36 | F29: Dev181 | G29: Dev494 | H29: 2 | J29: 4 | K29: 5 | L29: 4 | M29: 4 | N29: 3 | O29: 2 | P29: 4 | Q29: 0.164574 | R29: 0.164574 | S29: 4 | T29: 1
C30: P5-TEAM4 | D30: Dev479 | E30: Dev389 | F30: Dev357 | G30: Dev316 | H30: 4 | J30: 3 | K30: 3 | L30: 3 | M30: 3 | N30: 4 | O30: 4 | P30: 3 | Q30: 0.195508 | R30: 0.195508 | S30: 3 | T30: 4
A32: P6 | B32: =IFERROR(VLOOKUP(A32,Projetos!$A$2:$C$8,2,FALSE),"") -> Critical Embedded Hardware Platform | C32: P6-TEAM0 | D32: Dev65 | E32: Dev71 | F32: Dev63 | G32: Dev261 | H32: 2 | I32: 1 | J32: 2 | K32: 1 | L32: 2 | M32: 2 | N32: 2 | O32: 3 | P32: 2 | Q32: 0.254395 | R32: 0.254395 | S32: 2 | T32: 2
B33: DOM M[Hardware, Embedded] S[IoT] C[Cloud] ECO M[PCB, Desenvolvimento de Placa] S[Eletrônica (circuitos lógicos e analógicos)] C[Instrumentação (osciloscópio, analisador lógico), Prototipação] LING M[C] S[C++] C[Python] | C33: P6-TEAM1 | D33: Dev508 | E33: Dev193 | F33: Dev36 | G33: Dev335 | H33: 1 | I33: 1 | J33: 1 | K33: 2 | L33: 1 | M33: 1 | N33: 1 | O33: 1 | P33: 1 | Q33: 0.275664 | R33: 0.275664 | S33: 1 | T33: 1 | U33: melhor
C34: P6-TEAM2 | D34: Dev242 | E34: Dev168 | F34: Dev446 | G34: Dev93 | H34: 2 | I34: 3 | J34: 3 | K34: 3 | L34: 3 | M34: 3 | N34: 3 | O34: 4 | P34: 3 | Q34: 0.254395 | R34: 0.254395 | S34: 2 | T34: 2
C35: P6-TEAM3 | D35: Dev568 | E35: Dev463 | F35: Dev7 | G35: Dev498 | H35: 5 | I35: 5 | J35: 4 | K35: 4 | L35: 4 | M35: 4 | N35: 4 | O35: 2 | P35: 4 | Q35: 0.15454 | R35: 0.15454 | S35: 4 | T35: 4 | U35: o expert definiu duas equipes como igualmente sendo as piores, a RB concordou que essas 2 equipes são as piores, mas uma sendo um pouco melhor que a outra (diferença de apenas 0.03)
C36: P6-TEAM4 | D36: Dev67 | E36: Dev94 | F36: Dev291 | G36: Dev450 | H36: 5 | I36: 5 | J36: 5 | K36: 5 | L36: 5 | M36: 5 | N36: 5 | O36: 5 | P36: 5 | Q36: 0.122672 | R36: 0.122672 | S36: 5 | T36: 4

Sheet Detaild Disagreements
A1: Project | B1: Team | C1: Devs | D1: Cobertura técnica: DOM/ ECO/ LING | M=Must S=Should C=Could | ex: M2/3 = cobre 2 de 3 techs | AC = Aptidão Colaborativa: VL-VH | E1: Computed AE | F1: Rank Expert | G1: Rank BN | H1: Δ (BN−Exp) | I1: Agreement? | J1: Who is right? | K1: Dominant criterion | L1: Observation
A2: P1
A3: P1 | B3: P1-TEAM0 | C3: Dev169, Dev27, Dev81, Dev363 | D3: P1-TEAM0 → DOM M1/2 S0/1 C1/1 | ECO M0/1 S1/1 C0/1 | LING M0/1 S1/2 C0/1 | AC L | E3: 0.16 | F3: 3 | G3: 2 | H3: -1 | I3: ❌ Não
A4: P1 | B4: P1-TEAM1 | C4: Dev71, Dev518, Dev509, Dev439 | D4: P1-TEAM1 → DOM M1/2 S0/1 C0/1 | ECO M0/1 S1/1 C0/1 | LING M0/1 S2/2 C1/1 | AC VL | E4: 0.11 | F4: 4 | G4: 5 | H4: 1 | I4: ❌ Não
A5: P1 | B5: P1-TEAM2 | C5: Dev205, Dev526, Dev363, Dev447 | D5: P1-TEAM2 → DOM M1/2 S0/1 C1/1 | ECO M0/1 S1/1 C0/1 | LING M0/1 S1/2 C0/1 | AC L | E5: 0.12 | F5: 4 | G5: 4 | H5: 0 | I5: ✅ Sim | J5: — | K5: — | L5: —
A6: P1 | B6: P1-TEAM3 | C6: Dev33, Dev303, Dev270, Dev93 | D6: P1-TEAM3 → DOM M2/2 S1/1 C0/1 | ECO M1/1 S0/1 C0/1 | LING M1/1 S2/2 C1/1 | AC L | E6: 0.54 | F6: 1 | G6: 1 | H6: 0 | I6: ✅ Sim | J6: — | K6: — | L6: —
A7: P1 | B7: P1-TEAM4 | C7: Dev316, Dev389, Dev526, Dev308 | D7: P1-TEAM4 → DOM M1/2 S0/1 C1/1 | ECO M0/1 S1/1 C0/1 | LING M0/1 S1/2 C0/1 | AC VL | E7: 0.13 | F7: 2 | G7: 3 | H7: 1 | I7: ❌ Não
A8: P2
A9: P2 | B9: P2-TEAM0 | C9: Dev466, Dev93, Dev437, Dev292 | D9: P2-TEAM0 → DOM M1/1 S1/1 C1/1 | ECO M2/3 S0/1 C1/1 | LING M1/2 S1/2 C1/2 | AC M | E9: 0.28 | F9: 1 | G9: 2 | H9: 1 | I9: ❌ Não
A10: P2 | B10: P2-TEAM1 | C10: Dev270, Dev411, Dev479, Dev503 | D10: P2-TEAM1 → DOM M0/1 S1/1 C0/1 | ECO M0/3 S1/1 C0/1 | LING M0/2 S2/2 C1/2 | AC M | E10: 0.15 | F10: 2 | G10: 5 | H10: 3 | I10: ❌ Não
A11: P2 | B11: P2-TEAM2 | C11: Dev115, Dev119, Dev399, Dev193 | D11: P2-TEAM2 → DOM M1/1 S1/1 C0/1 | ECO M2/3 S0/1 C1/1 | LING M1/2 S1/2 C2/2 | AC M | E11: 0.28 | F11: 3 | G11: 2 | H11: -1 | I11: ❌ Não
A12: P2 | B12: P2-TEAM3 | C12: Dev468, Dev263, Dev503, Dev5 | D12: P2-TEAM3 → DOM M1/1 S1/1 C1/1 | ECO M1/3 S1/1 C0/1 | LING M1/2 S1/2 C0/2 | AC M | E12: 0.28 | F12: 5 | G12: 2 | H12: -3 | I12: ❌ Não
A13: P2 | B13: P2-TEAM4 | C13: Dev104, Dev363, Dev544, Dev81 | D13: P2-TEAM4 → DOM M1/1 S0/1 C0/1 | ECO M3/3 S0/1 C0/1 | LING M2/2 S1/2 C0/2 | AC L | E13: 0.4 | F13: 3 | G13: 1 | H13: -2 | I13: ❌ Não
A14: P3
A15: P3 | B15: P3-TEAM0 | C15: Dev423, Dev558, Dev494, Dev391 | D15: P3-TEAM0 → DOM M1/2 S1/1 C0/1 | ECO M1/1 S1/3 C1/1 | LING M1/2 S1/1 C0/2 | AC L | E15: 0.33 | F15: 1 | G15: 1 | H15: 0 | I15: ✅ Sim | J15: — | K15: — | L15: —
A16: P3 | B16: P3-TEAM1 | C16: Dev104, Dev446, Dev152, Dev465 | D16: P3-TEAM1 → DOM M0/2 S1/1 C0/1 | ECO M0/1 S1/3 C1/1 | LING M0/2 S1/1 C1/2 | AC VL | E16: 0.11 | F16: 4 | G16: 2 | H16: -2 | I16: ❌ Não
A17: P3 | B17: P3-TEAM2 | C17: Dev362, Dev242, Dev450, Dev161 | D17: P3-TEAM2 → DOM M0/2 S1/1 C1/1 | ECO M0/1 S1/3 C0/1 | LING M1/2 S1/1 C0/2 | AC VL | E17: 0.11 | F17: 3 | G17: 2 | H17: -1 | I17: ❌ Não
A18: P3 | B18: P3-TEAM3 | C18: Dev362, Dev354, Dev495, Dev458 | D18: P3-TEAM3 → DOM M0/2 S1/1 C0/1 | ECO M0/1 S1/3 C0/1 | LING M0/2 S1/1 C1/2 | AC VL | E18: 0.11 | F18: 1 | G18: 2 | H18: 1 | I18: ❌ Não
A19: P3 | B19: P3-TEAM4 | C19: Dev439, Dev16, Dev209, Dev463 | D19: P3-TEAM4 → DOM M0/2 S1/1 C0/1 | ECO M0/1 S1/3 C0/1 | LING M0/2 S1/1 C0/2 | AC VL | E19: 0.11 | F19: 4 | G19: 2 | H19: -2 | I19: ❌ Não
A20: P4
A21: P4 | B21: P4-TEAM0 | C21: Dev263, Dev241, Dev303, Dev548 | D21: P4-TEAM0 → DOM M1/1 S0/1 C1/1 | ECO M0/1 S0/2 C0/1 | LING M1/1 S0/2 C1/2 | AC VL | E21: 0.4 | F21: 2 | G21: 2 | H21: 0 | I21: ✅ Sim | J21: — | K21: — | L21: —
A22: P4 | B22: P4-TEAM1 | C22: Dev145, Dev38, Dev225, Dev263 | D22: P4-TEAM1 → DOM M1/1 S0/1 C0/1 | ECO M0/1 S1/2 C0/1 | LING M1/1 S0/2 C0/2 | AC L | E22: 0.39 | F22: 3 | G22: 3 | H22: 0 | I22: ✅ Sim | J22: — | K22: — | L22: —
A23: P4 | B23: P4-TEAM2 | C23: Dev193, Dev194, Dev7, Dev154 | D23: P4-TEAM2 → DOM M1/1 S1/1 C0/1 | ECO M0/1 S1/2 C1/1 | LING M1/1 S1/2 C1/2 | AC M | E23: 0.49 | F23: 1 | G23: 1 | H23: 0 | I23: ✅ Sim | J23: — | K23: — | L23: —
A24: P4 | B24: P4-TEAM3 | C24: Dev438, Dev270, Dev104, Dev293 | D24: P4-TEAM3 → DOM M1/1 S1/1 C0/1 | ECO M0/1 S1/2 C1/1 | LING M0/1 S2/2 C0/2 | AC L | E24: 0.33 | F24: 3 | G24: 5 | H24: 2 | I24: ❌ Não
A25: P4 | B25: P4-TEAM4 | C25: Dev198, Dev415, Dev62, Dev559 | D25: P4-TEAM4 → DOM M1/1 S0/1 C0/1 | ECO M1/1 S0/2 C0/1 | LING M1/1 S0/2 C0/2 | AC L | E25: 0.39 | F25: 5 | G25: 3 | H25: -2 | I25: ❌ Não
A26: P5
A27: P5 | B27: P5-TEAM0 | C27: Dev174, Dev265, Dev524, Dev169 | D27: P5-TEAM0 → DOM M1/2 S0/1 C1/1 | ECO M1/3 S1/1 C0/1 | LING M1/3 S2/2 C0/2 | AC VL | E27: 0.13 | F27: 5 | G27: 5 | H27: 0 | I27: ✅ Sim | J27: — | K27: — | L27: —
A28: P5 | B28: P5-TEAM1 | C28: Dev438, Dev558, Dev461, Dev297 | D28: P5-TEAM1 → DOM M2/2 S1/1 C0/1 | ECO M2/3 S0/1 C1/1 | LING M2/3 S0/2 C1/2 | AC L | E28: 0.38 | F28: 1 | G28: 1 | H28: 0 | I28: ✅ Sim | J28: — | K28: — | L28: —
A29: P5 | B29: P5-TEAM2 | C29: Dev324, Dev439, Dev370, Dev250 | D29: P5-TEAM2 → DOM M2/2 S1/1 C0/1 | ECO M2/3 S0/1 C1/1 | LING M2/3 S0/2 C2/2 | AC VL | E29: 0.23 | F29: 3 | G29: 2 | H29: -1 | I29: ❌ Não
A30: P5 | B30: P5-TEAM3 | C30: Dev331, Dev36, Dev181, Dev494 | D30: P5-TEAM3 → DOM M1/2 S1/1 C0/1 | ECO M1/3 S0/1 C1/1 | LING M1/3 S0/2 C2/2 | AC L | E30: 0.16 | F30: 1 | G30: 4 | H30: 3 | I30: ❌ Não
A31: P5 | B31: P5-TEAM4 | C31: Dev479, Dev389, Dev357, Dev316 | D31: P5-TEAM4 → DOM M1/2 S1/1 C0/1 | ECO M0/3 S0/1 C1/1 | LING M2/3 S0/2 C1/2 | AC VL | E31: 0.2 | F31: 4 | G31: 3 | H31: -1 | I31: ❌ Não
A32: P6
A33: P6 | B33: P6-TEAM0 | C33: Dev65, Dev71, Dev63, Dev261 | D33: P6-TEAM0 → DOM M2/2 S1/1 C1/1 | ECO M2/2 S1/1 C3/3 | LING M1/1 S1/1 C1/1 | AC L | E33: 0.25 | F33: 2 | G33: 2 | H33: 0 | I33: ✅ Sim | J33: — | K33: — | L33: —
A34: P6 | B34: P6-TEAM1 | C34: Dev508, Dev193, Dev36, Dev335 | D34: P6-TEAM1 → DOM M2/2 S1/1 C1/1 | ECO M2/2 S1/1 C3/3 | LING M1/1 S1/1 C1/1 | AC M | E34: 0.28 | F34: 1 | G34: 1 | H34: 0 | I34: ✅ Sim | J34: — | K34: — | L34: —
A35: P6 | B35: P6-TEAM2 | C35: Dev242, Dev168, Dev446, Dev93 | D35: P6-TEAM2 → DOM M2/2 S1/1 C1/1 | ECO M2/2 S1/1 C3/3 | LING M1/1 S1/1 C1/1 | AC L | E35: 0.25 | F35: 2 | G35: 2 | H35: 0 | I35: ✅ Sim | J35: — | K35: — | L35: —
A36: P6 | B36: P6-TEAM3 | C36: Dev568, Dev463, Dev7, Dev498 | D36: P6-TEAM3 → DOM M0/2 S0/1 C0/1 | ECO M0/2 S0/1 C0/3 | LING M0/1 S0/1 C0/1 | AC M | E36: 0.15 | F36: 4 | G36: 4 | H36: 0 | I36: ✅ Sim | J36: — | K36: — | L36: —
A37: P6 | B37: P6-TEAM4 | C37: Dev67, Dev94, Dev291, Dev450 | D37: P6-TEAM4 → DOM M0/2 S0/1 C0/1 | ECO M0/2 S0/1 C0/3 | LING M0/1 S0/1 C0/1 | AC L | E37: 0.12 | F37: 4 | G37: 5 | H37: 1 | I37: ❌ Não

Sheet Disagreements Decision
A1: Project | B1: Expert | C1: Model | D1: Decision | E1: Observation
A2: P2 | B2: Best team: Team0 | C2: Best team: Team4 | D2: Use the model as-is
A3: P3 | B3: Team3 ranked 2nd | C3: Team3 tied with Team2, Team1, Team4 in last (0.11) | D3: Use the model as-is
A4: P5 | B4: Team3 ranked 1st, tied with Team1 | C4: Team3 ranked 2nd (with 0.15 difference for Team1) | D4: Use the model as-is
A5: P4 | B5: Team0 ranked 2nd | C5: Team0 ranked 5th | D5: Use the model as-is
A6: P6 | B6: Team3 & Team4 tied in last | C6: Team4 slightly worse | D6: Use the model as-is
A7: P1 | B7: Team4 ranked 2nd | C7: Team4 tied in last | D7: Use the model as-is

Sheet Resumo
A1: Projeto | B1: Equipes | C1: Acordos | D1: Desacordos | E1: % Acordo | F1: Δ médio |abs| | G1: Maior Δ
A2: P1 | B2: 5 | C2: 2 | D2: 3 | E2: 40% | F2: 0.6 | G2: 1
A3: P2 | B3: 5 | C3: 0 | D3: 5 | E3: 0% | F3: 2.0 | G3: 3
A4: P3 | B4: 5 | C4: 1 | D4: 4 | E4: 20% | F4: 1.2 | G4: 2
A5: P4 | B5: 5 | C5: 3 | D5: 2 | E5: 60% | F5: 0.8 | G5: 2
A6: P5 | B6: 5 | C6: 2 | D6: 3 | E6: 40% | F6: 1.0 | G6: 3
A7: P6 | B7: 5 | C7: 4 | D7: 1 | E7: 80% | F7: 0.2 | G7: 1
A8: TOTAL | B8: 30 | C8: 12 | D8: 18

Sheet dados_para_dashboard
A1: projeto_id | B1: projeto e requisitos | C1: team_id | D1: team_str | E1: AT_cont | F1: AC_cont | G1: dist_AE | H1: DOM_M | I1: DOM_S | J1: DOM_C | K1: ECO_M | L1: ECO_S | M1: ECO_C | N1: LING_M | O1: LING_S | P1: LING_C | Q1: MUST_OK | R1: FALTAS_MUST | S1: TOTAL_FALTAS_MUST | T1: rank_expert | U1: ae_bn_mean | V1: rank_bn | W1: AT_cont | X1: AC_cont | Y1: dist_AT | Z1: dist_AC | AA1: dist_AE | AB1: pc_score | AC1: pc_label | AD1: dominio_tier | AE1: ecossistema_tier | AF1: linguagens_tier | AG1: dominio_score | AH1: ecossistema_score | AI1: linguagens_score | AJ1: t_cpt_build_s | AK1: t_dim_s | AL1: t_pc_graph_s | AM1: t_pc_transform_s | AN1: t_infer_at_s | AO1: t_infer_ae_s | AP1: t_infer_total_s | AQ1: t_team_total_s | AR1: t_project_total_s | AS1: t_project_total_plus_cpt_s | AT1: dominio_m_total | AU1: dominio_m_covered | AV1: dominio_m_covered_list | AW1: dominio_s_total | AX1: dominio_s_covered | AY1: dominio_s_covered_list | AZ1: dominio_c_total | BA1: dominio_c_covered | BB1: dominio_c_covered_list | BC1: ecossistema_m_total | BD1: ecossistema_m_covered | BE1: ecossistema_m_covered_list | BF1: ecossistema_s_total | BG1: ecossistema_s_covered | BH1: ecossistema_s_covered_list | BI1: ecossistema_c_total | BJ1: ecossistema_c_covered | BK1: ecossistema_c_covered_list | BL1: linguagens_m_total | BM1: linguagens_m_covered | BN1: linguagens_m_covered_list | BO1: linguagens_s_total | BP1: linguagens_s_covered | BQ1: linguagens_s_covered_list | BR1: linguagens_c_total | BS1: linguagens_c_covered | BT1: linguagens_c_covered_list | BU1: note_dev1 | BV1: note_dev2 | BW1: note_dev3 | BX1: note_dev4
A2: P1 | B2: =IFERROR(VLOOKUP(A2,Projetos!$A$2:$C$7,2,FALSE),"") -> .NET Corporate Portal Maintainance | C2: P1-TEAM0 | D2: [Dev169;Dev27;Dev81;Dev363] | E2: 0.150789 | F2: 0.3 | G2: 0.683021,0.311090,0.005889,0.000000,0.000000 | H2: 1/2 | I2: 0/1 | J2: 1/1 | K2: 0/1 | L2: 1/1 | M2: 0/1 | N2: 0/1 | O2: 1/2 | P2: 0/1 | Q2: FALSE | R2: DOM faltam 1 | ECO faltam 1 | LING faltam 1 | S2: 3 | T2: 3 | U2: 0.164574 | V2: 2 | W2: 0.150789 | X2: 0.3 | Y2: 0.746058,0.253940,0.000002,0.000000,0.000000 | Z2: 0.000000,1.000000,0.000000,0.000000,0.000000 | AA2: 0.683021,0.311090,0.005889,0.000000,0.000000 | AB2: 0.2 | AC2: L | AD2: L | AE2: VL | AF2: VL | AG2: 0.25 | AH2: 0 | AI2: 0 | AJ2: 3.8924 | AK2: 0.020151 | AL2: 7.5e-05 | AM2: 8.3e-05 | AN2: 0.019311 | AO2: 0.016823 | AP2: 0.036134 | AQ2: 0.070719 | AR2: 0.275309 | AS2: 4.16771 | AT2: 2 | AU2: 1 | AV2: web | AW2: 1 | AX2: 0 | AZ2: 1 | BA2: 1 | BB2: mobile | BC2: 1 | BD2: 0 | BF2: 1 | BG2: 1 | BH2: react | BI2: 1 | BJ2: 0 | BL2: 1 | BM2: 0 | BO2: 2 | BP2: 1 | BQ2: javascript | BR2: 1 | BS2: 0 | BU2: Domínio: Web Ecossistema: React Linguagens: JavaScript Match (requisitos do projeto): DOM: M (1/2)[web] S (0/1)[] C (0/1)[] ECO: M (0/1)[] S (1/1)[react] C (0/1)[] LING: M (0/1)[] S (1/2)[javascript] C (0/1)[] Colaboração (somente com membros desta equipe): 169-27: SEM_COMUM 169-81: SEM_COMUM 169-363: SEM_COMUM | BV2: Domínio: Web Ecossistema: nan Linguagens: JavaScript Match (requisitos do projeto): DOM: M (1/2)[web] S (0/1)[] C (0/1)[] ECO: M (0/1)[] S (0/1)[] C (0/1)[] LING: M (0/1)[] S (1/2)[javascript] C (0/1)[] Colaboração (somente com membros desta equipe): 27-81: SEM_COMUM 27-169: SEM_COMUM 27-363: P103(,osf=0.739,slf=0.847); P123(,osf=0.393,slf=0.825); P144(,osf=0.541,slf=0.688); P145(,osf=0.612,slf=0.871); P148(,osf=0.411,slf=0.639); P149(,osf=0.325,slf=0.603); P150(,osf=0.475,slf=0.317); P171(,osf=0.486,slf=0.531); P177(,osf=0.340,slf=0.621); P179(,osf=0.489,slf=0.711); P239(,osf=0.422,slf=0.462); P240(,osf=0.385,slf=0.409); P258(,osf=0.666,slf=0.352); P72(,osf=0.639,slf=0.456); P80(,osf=0.559,slf=0.624); P82(,osf=0.567,slf=0.737); P85(,osf=0.784,slf=0.538); P99(,osf=0.757,slf=0.452) | BW2: Domínio: IoT Ecossistema: nan Linguagens: JavaScript Match (requisitos do projeto): DOM: M (0/2)[] S (0/1)[] C (0/1)[] ECO: M (0/1)[] S (0/1)[] C (0/1)[] LING: M (0/1)[] S (1/2)[javascript] C (0/1)[] Colaboração (somente com membros desta equipe): 81-27: SEM_COMUM 81-169: SEM_COMUM 81-363: SEM_COMUM | BX2: Domínio: Mobile Ecossistema: iOS/iPadOS Linguagens: Swift Match (requisitos do projeto): DOM: M (0/2)[] S (0/1)[] C (1/1)[mobile] ECO: M (0/1)[] S (0/1)[] C (0/1)[] LING: M (0/1)[] S (0/2)[] C (0/1)[] Colaboração (somente com membros desta equipe): 363-27: P103(,osf=0.739,slf=0.847); P123(,osf=0.393,slf=0.825); P144(,osf=0.541,slf=0.688); P145(,osf=0.612,slf=0.871); P148(,osf=0.411,slf=0.639); P149(,osf=0.325,slf=0.603); P150(,osf=0.475,slf=0.317); P171(,osf=0.486,slf=0.531); P177(,osf=0.340,slf=0.621); P179(,osf=0.489,slf=0.711); P239(,osf=0.422,slf=0.462); P240(,osf=0.385,slf=0.409); P258(,osf=0.666,slf=0.352); P72(,osf=0.639,slf=0.456); P80(,osf=0.559,slf=0.624); P82(,osf=0.567,slf=0.737); P85(,osf=0.784,slf=0.538); P99(,osf=0.757,slf=0.452) | 363-447: P123(,osf=0.393,slf=0.825); P144(,osf=0.541,slf=0.688); P145(,osf=0.612,slf=0.871); P148(,osf=0.411,slf=0.639); P149(,osf=0.325,slf=0.603); P150(,osf=0.475,slf=0.317); P171(,osf=0.486,slf=0.531); P177(,osf=0.340,slf=0.621); P179(,osf=0.489,slf=0.711); P214(,osf=0.335,slf=0.820); P239(,osf=0.422,slf=0.462); P240(,osf=0.385,slf=0.409); P258(,osf=0.666,slf=0.352); P82(,osf=0.567,slf=0.737); P85(,osf=0.784,slf=0.538) | 363-544: P123(,osf=0.393,slf=0.825); P144(,osf=0.541,slf=0.688); P145(,osf=0.612,slf=0.871); P148(,osf=0.411,slf=0.639); P149(,osf=0.325,slf=0.603); P150(,osf=0.475,slf=0.317); P171(,osf=0.486,slf=0.531); P177(,osf=0.340,slf=0.621); P179(,osf=0.489,slf=0.711); P239(,osf=0.422,slf=0.462); P240(,osf=0.385,slf=0.409); P258(,osf=0.666,slf=0.352); P82(,osf=0.567,slf=0.737); P85(,osf=0.784,slf=0.538) 363-81: SEM_COMUM 363-169: SEM_COMUM
A3: P1 | B3: =IFERROR( "DOM M["&VLOOKUP($A2,Projetos!$A:$L,4,FALSE)&"] S["&VLOOKUP($A2,Projetos!$A:$L,5,FALSE)&"] C["&VLOOKUP($A2,Projetos!$A:$L,6,FALSE)&"]"&CHAR(10)& "ECO M["&VLOOKUP($A2,Projetos!$A:$L,7,FALSE)&"] S["&VLOOKUP($A2,Projetos!$A:$L,8,FALSE)&"] C["&VLOOKUP($A2,Projetos!$A:$L,9,FALSE)&"]"&CHAR(10)& "LING M["&VLOOKUP($A2,Projetos!$A:$L,10,FALSE)&"] S["&VLOOKUP($A2,Projetos!$A:$L,11,FALSE)&"] C["&VLOOKUP($A2,Projetos!$A:$L,12,FALSE)&"]" ,"") -> DOM M[Desktop, Web] S[Cloud] C[Mobile] ECO M[.NET] S[React] C[MongoDB] LING M[C#] S[JavaScript, TypeScript] C[Python] | C3: P1-TEAM1 | D3: [Dev71;Dev518;Dev509;Dev439] | E3: 0.10468 | F3: 0.1 | G3: 0.974991,0.025009,0.000000,0.000000,0.000000 | H3: 1/2 | I3: 0/1 | J3: 0/1 | K3: 0/1 | L3: 1/1 | M3: 0/1 | N3: 0/1 | O3: 2/2 | P3: 1/1 | Q3: FALSE | R3: DOM faltam 1 | ECO faltam 1 | LING faltam 1 | S3: 3 | T3: 4 | U3: 0.105002 | V3: 5 | W3: 0.10468 | X3: 0.1 | Y3: 0.976598,0.023402,0.000000,0.000000,0.000000 | Z3: 1.000000,0.000000,0.000000,0.000000,0.000000 | AA3: 0.974991,0.025009,0.000000,0.000000,0.000000 | AB3: 0.1 | AC3: VL | AD3: VL | AE3: VL | AF3: VL | AG3: 0.125 | AH3: 0 | AI3: 0 | AJ3: 3.8924 | AK3: 0.036538 | AL3: 3.1e-05 | AM3: 6.6e-05 | AN3: 0.008813 | AO3: 0.010753 | AP3: 0.019566 | AQ3: 0.065568 | AR3: 0.275309 | AS3: 4.16771 | AT3: 2 | AU3: 1 | AV3: web | AW3: 1 | AX3: 0 | AZ3: 1 | BA3: 0 | BC3: 1 | BD3: 0 | BF3: 1 | BG3: 1 | BH3: react | BI3: 1 | BJ3: 0 | BL3: 1 | BM3: 0 | BO3: 2 | BP3: 2 | BQ3: javascript,typescript | BR3: 1 | BS3: 1 | BT3: python | BU3: Dev71 Domínio: IoT, Web Ecossistema: iOS/iPadOS Linguagens: HTML, JavaScript, Python Match (requisitos do projeto): DOM : M (1/2)['web'] S (0/1)[] C (0/1)[] ECO : M (0/1)[] S (0/1)[] C (0/1)[] LING: M (0/1)[] S (1/2)['javascript'] C (1/1)['python'] Colaboração (somente com membros desta equipe): Dev71-Dev518: SEM_COMUM Dev71-Dev509: SEM_COMUM Dev71-Dev439: SEM_COMUM | BV3: Dev518 Domínio: Web Ecossistema: Vue Linguagens: JavaScript Match (requisitos do projeto): DOM : M (1/2)['web'] S (0/1)[] C (0/1)[] ECO : M (0/1)[] S (0/1)[] C (0/1)[] LING: M (0/1)[] S (1/2)['javascript'] C (0/1)[] Colaboração (somente com membros desta equipe): Dev518-Dev71: SEM_COMUM Dev518-Dev509: SEM_COMUM Dev518-Dev439: SEM_COMUM | BW3: Dev509 Domínio: Web Ecossistema: Angular Linguagens: TypeScript Match (requisitos do projeto): DOM : M (1/2)['web'] S (0/1)[] C (0/1)[] ECO : M (0/1)[] S (0/1)[] C (0/1)[] LING: M (0/1)[] S (1/2)['typescript'] C (0/1)[] Colaboração (somente com membros desta equipe): Dev509-Dev71: SEM_COMUM Dev509-Dev518: SEM_COMUM Dev509-Dev439: SEM_COMUM | BX3: Dev439 Domínio: Web Ecossistema: React Linguagens: JavaScript Match (requisitos do projeto): DOM : M (1/2)['web'] S (0/1)[] C (0/1)[] ECO : M (0/1)[] S (1/1)['react'] C (0/1)[] LING: M (0/1)[] S (1/2)['javascript'] C (0/1)[] Colaboração (somente com membros desta equipe): Dev439-Dev71: SEM_COMUM Dev439-Dev518: SEM_COMUM Dev439-Dev509: SEM_COMUM
A4: P1 | C4: P1-TEAM2 | D4: [Dev205;Dev526;Dev363;Dev447] | E4: 0.10468 | F4: 0.3 | G4: 0.887185,0.112272,0.000543,0.000000,0.000000 | H4: 1/2 | I4: 0/1 | J4: 1/1 | K4: 0/1 | L4: 1/1 | M4: 0/1 | N4: 0/1 | O4: 1/2 | P4: 0/1 | Q4: FALSE | R4: DOM faltam 1 | ECO faltam 1 | LING faltam 1 | S4: 3 | T4: 4 | U4: 0.122672 | V4: 3 | W4: 0.10468 | X4: 0.3 | Y4: 0.976598,0.023402,0.000000,0.000000,0.000000 | Z4: 0.000000,1.000000,0.000000,0.000000,0.000000 | AA4: 0.887185,0.112272,0.000543,0.000000,0.000000 | AB4: 0.2 | AC4: L | AD4: VL | AE4: VL | AF4: VL | AG4: 0.142857 | AH4: 0 | AI4: 0 | AJ4: 3.8924 | AK4: 0.009004 | AL4: 4.2e-05 | AM4: 7e-05 | AN4: 0.012806 | AO4: 0.012888 | AP4: 0.025694 | AQ4: 0.047712 | AR4: 0.275309 | AS4: 4.16771 | AT4: 2 | AU4: 1 | AV4: web | AW4: 1 | AX4: 0 | AZ4: 1 | BA4: 1 | BB4: mobile | BC4: 1 | BD4: 0 | BF4: 1 | BG4: 1 | BH4: react | BI4: 1 | BJ4: 0 | BL4: 1 | BM4: 0 | BO4: 2 | BP4: 1 | BQ4: javascript | BR4: 1 | BS4: 0 | BU4: Domínio: Mobile Ecossistema: Android Linguagens: Kotlin Match (requisitos do projeto): DOM: M (0/2)[] S (0/1)[] C (1/1)[mobile] ECO: M (0/1)[] S (0/1)[] C (0/1)[] LING: M (0/1)[] S (0/2)[] C (0/1)[] Colaboração (somente com membros desta equipe): 205-363: SEM_COMUM 205-447: SEM_COMUM 205-526: P139(,osf=0.325,slf=0.436) | BV4: Domínio: Web Ecossistema: React Linguagens: JavaScript Match (requisitos do projeto): DOM: M (1/2)[web] S (0/1)[] C (0/1)[] ECO: M (0/1)[] S (1/1)[react] C (0/1)[] LING: M (0/1)[] S (1/2)[javascript] C (0/1)[] Colaboração (somente com membros desta equipe): 526-205: P139(,osf=0.325,slf=0.436) 526-363: SEM_COMUM 526-447: SEM_COMUM | BW4: Domínio: Mobile Ecossistema: iOS/iPadOS Linguagens: Swift Match (requisitos do projeto): DOM: M (0/2)[] S (0/1)[] C (1/1)[mobile] ECO: M (0/1)[] S (0/1)[] C (0/1)[] LING: M (0/1)[] S (0/2)[] C (0/1)[] Colaboração (somente com membros desta equipe): 363-205: SEM_COMUM 363-447: SEM_COMUM 363-526: SEM_COMUM | BX4: Domínio: Mobile Ecossistema: iOS/iPadOS Linguagens: Swift Match (requisitos do projeto): DOM: M (0/2)[] S (0/1)[] C (1/1)[mobile] ECO: M (0/1)[] S (0/1)[] C (0/1)[] LING: M (0/1)[] S (0/2)[] C (0/1)[] Colaboração (somente com membros desta equipe): 447-205: SEM_COMUM 447-363: P123(,osf=0.393,slf=0.825); P144(,osf=0.541,slf=0.688); P145(,osf=0.612,slf=0.871); P148(,osf=0.411,slf=0.639); P149(,osf=0.325,slf=0.603); P150(,osf=0.475,slf=0.317); P171(,osf=0.486,slf=0.531); P177(,osf=0.340,slf=0.621); P179(,osf=0.489,slf=0.711); P214(,osf=0.335,slf=0.820); P239(,osf=0.422,slf=0.462); P240(,osf=0.385,slf=0.409); P258(,osf=0.666,slf=0.352); P82(,osf=0.567,slf=0.737); P85(,osf=0.784,slf=0.538) 447-526: SEM_COMUM
A5: P1 | C5: P1-TEAM3 | D5: [Dev33;Dev303;Dev270;Dev93] | E5: 0.782261 | F5: 0.3 | G5: 0.000260,0.643200,0.356526,0.000014,0.000000 | H5: 2/2 | I5: 0/1 | J5: 0/1 | K5: 1/1 | L5: 0/1 | M5: 0/1 | N5: 1/1 | O5: 2/2 | P5: 0/1 | Q5: TRUE | R5: OK | S5: 0 | T5: 1 | U5: 0.371259 | V5: 1 | W5: 0.782261 | X5: 0.3 | Y5: 0.000000,0.000000,0.000080,0.588534,0.411386 | Z5: 0.000000,1.000000,0.000000,0.000000,0.000000 | AA5: 0.000260,0.643200,0.356526,0.000014,0.000000 | AB5: 0.2 | AC5: L | AD5: H | AE5: M | AF5: VH | AG5: 0.642857 | AH5: 0.5 | AI5: 0.857143 | AJ5: 3.8924 | AK5: 0.016339 | AL5: 2.3e-05 | AM5: 4.4e-05 | AN5: 0.010425 | AO5: 0.013431 | AP5: 0.023856 | AQ5: 0.055972 | AR5: 0.275309 | AS5: 4.16771 | AT5: 2 | AU5: 2 | AV5: desktop,web | AW5: 1 | AX5: 1 | AY5: cloud | AZ5: 1 | BA5: 0 | BC5: 1 | BD5: 1 | BE5: .net | BF5: 1 | BG5: 0 | BI5: 1 | BJ5: 0 | BL5: 1 | BM5: 1 | BN5: c# | BO5: 2 | BP5: 2 | BQ5: javascript,typescript | BR5: 1 | BS5: 1 | BT5: python | BU5: Domínio: nan Ecossistema: Android, CouchDB, iOS/iPadOS Linguagens: JavaScript Match (requisitos do projeto): DOM: M (0/2)[] S (0/1)[] C (0/1)[] ECO: M (0/1)[] S (0/1)[] C (0/1)[] LING: M (0/1)[] S (1/2)[javascript] C (0/1)[] Colaboração (somente com membros desta equipe): 33-93: SEM_COMUM 33-270: SEM_COMUM 33-303: SEM_COMUM | BV5: Domínio: Desktop Ecossistema: .NET Linguagens: C# Match (requisitos do projeto): DOM: M (1/2)[desktop] S (0/1)[] C (0/1)[] ECO: M (1/1)[.net] S (0/1)[] C (0/1)[] LING: M (1/1)[c#] S (0/2)[] C (0/1)[] Colaboração (somente com membros desta equipe): 303-33: SEM_COMUM 303-93: SEM_COMUM 303-270: SEM_COMUM | BW5: Domínio: Web Ecossistema: Angular Linguagens: TypeScript Match (requisitos do projeto): DOM: M (1/2)[web] S (0/1)[] C (0/1)[] ECO: M (0/1)[] S (0/1)[] C (0/1)[] LING: M (0/1)[] S (1/2)[typescript] C (0/1)[] Colaboração (somente com membros desta equipe): 270-33: SEM_COMUM 270-93: P82(,osf=0.567,slf=0.737) | 270-411: P82(,osf=0.567,slf=0.737) | 270-438: P82(,osf=0.567,slf=0.737) 270-303: SEM_COMUM | BX5: Domínio: Desktop Ecossistema: .NET Linguagens: C# Match (requisitos do projeto): DOM: M (1/2)[desktop] S (0/1)[] C (0/1)[] ECO: M (1/1)[.net] S (0/1)[] C (0/1)[] LING: M (1/1)[c#] S (0/2)[] C (0/1)[] Colaboração (somente com membros desta equipe): 93-33: SEM_COMUM 93-270: P82(,osf=0.567,slf=0.737) | 93-292: P82(,osf=0.567,slf=0.737) | 93-437: P158(,osf=0.670,slf=0.322); P82(,osf=0.567,slf=0.737); P85(,osf=0.784,slf=0.538) 93-303: SEM_COMUM
A6: P1 | C6: P1-TEAM4 | D6: [Dev316;Dev389;Dev526;Dev308] | E6: 0.150789 | F6: 0.1 | G6: 0.959155,0.040845,0.000000,0.000000,0.000000 | H6: 1/2 | I6: 0/1 | J6: 1/1 | K6: 0/1 | L6: 1/1 | M6: 0/1 | N6: 0/1 | O6: 1/2 | P6: 0/1 | Q6: FALSE | R6: DOM faltam 1 | ECO faltam 1 | LING faltam 1 | S6: 3 | T6: 2 | U6: 0.108169 | V6: 4 | W6: 0.150789 | X6: 0.1 | Y6: 0.746058,0.253940,0.000002,0.000000,0.000000 | Z6: 1.000000,0.000000,0.000000,0.000000,0.000000 | AA6: 0.959155,0.040845,0.000000,0.000000,0.000000 | AB6: 0.1 | AC6: VL | AD6: L | AE6: VL | AF6: VL | AG6: 0.25 | AH6: 0 | AI6: 0 | AJ6: 3.8924 | AK6: 0.004053 | AL6: 2.5e-05 | AM6: 5.3e-05 | AN6: 0.008205 | AO6: 0.009043 | AP6: 0.017248 | AQ6: 0.032349 | AR6: 0.275309 | AS6: 4.16771 | AT6: 2 | AU6: 1 | AV6: web | AW6: 1 | AX6: 0 | AZ6: 1 | BA6: 1 | BB6: mobile | BC6: 1 | BD6: 0 | BF6: 1 | BG6: 1 | BH6: react | BI6: 1 | BJ6: 0 | BL6: 1 | BM6: 0 | BO6: 2 | BP6: 1 | BQ6: javascript | BR6: 1 | BS6: 0 | BU6: Domínio: Web Ecossistema: Node.js Linguagens: JavaScript Match (requisitos do projeto): DOM: M (1/2)[web] S (0/1)[] C (0/1)[] ECO: M (0/1)[] S (0/1)[] C (0/1)[] LING: M (0/1)[] S (1/2)[javascript] C (0/1)[] Colaboração (somente com membros desta equipe): 316-308: SEM_COMUM 316-389: SEM_COMUM 316-526: SEM_COMUM | BV6: Domínio: Mobile Ecossistema: Android Linguagens: Kotlin Match (requisitos do projeto): DOM: M (0/2)[] S (0/1)[] C (1/1)[mobile] ECO: M (0/1)[] S (0/1)[] C (0/1)[] LING: M (0/1)[] S (0/2)[] C (0/1)[] Colaboração (somente com membros desta equipe): 389-308: SEM_COMUM 389-316: SEM_COMUM 389-526: SEM_COMUM | BW6: Domínio: Web Ecossistema: React Linguagens: JavaScript Match (requisitos do projeto): DOM: M (1/2)[web] S (0/1)[] C (0/1)[] ECO: M (0/1)[] S (1/1)[react] C (0/1)[] LING: M (0/1)[] S (1/2)[javascript] C (0/1)[] Colaboração (somente com membros desta equipe): 526-308: SEM_COMUM 526-316: SEM_COMUM 526-389: SEM_COMUM | BX6: Domínio: Web Ecossistema: React Linguagens: JavaScript Match (requisitos do projeto): DOM: M (1/2)[web] S (0/1)[] C (0/1)[] ECO: M (0/1)[] S (1/1)[react] C (0/1)[] LING: M (0/1)[] S (1/2)[javascript] C (0/1)[] Colaboração (somente com membros desta equipe): 308-316: SEM_COMUM 308-389: SEM_COMUM 308-526: SEM_COMUM
A7: P2 | B7: =IFERROR(VLOOKUP(A8,Projetos!$A$2:$C$7,2,FALSE),"") -> Hybrid Mobile App with Web Panel | C7: P2-TEAM0 | D7: [Dev466;Dev93;Dev437;Dev292] | E7: 0.273816 | F7: 0.5 | G7: 0.102481,0.815768,0.081708,0.000044,0.000000 | H7: 1/1 | I7: 1/1 | J7: 0/1 | K7: 1/2 | L7: 0/1 | M7: 1/1 | N7: 1/2 | O7: 1/2 | P7: 1/2 | Q7: FALSE | R7: ECO faltam 1 | LING faltam 1 | S7: 2 | T7: 1 | U7: 0.295863 | V7: 2 | W7: 0.273816 | X7: 0.5 | Y7: 0.132866,0.865190,0.001944,0.000000,0.000000 | Z7: 0.000000,0.000000,1.000000,0.000000,0.000000 | AA7: 0.102481,0.815768,0.081708,0.000044,0.000000 | AB7: 0.4 | AC7: M | AD7: M | AE7: L | AF7: VL | AG7: 0.428572 | AH7: 0.253968 | AI7: 0.09375 | AJ7: 3.8924 | AK7: 0.035384 | AL7: 2.5e-05 | AM7: 3.9e-05 | AN7: 0.008263 | AO7: 0.009401 | AP7: 0.017663 | AQ7: 0.061853 | AR7: 0.291504 | AS7: 4.183905 | AT7: 1 | AU7: 1 | AV7: mobile | AW7: 1 | AX7: 1 | AY7: web | AZ7: 1 | BA7: 1 | BB7: cloud | BC7: 3 | BD7: 2 | BE7: ios,ipados | BF7: 1 | BG7: 0 | BI7: 1 | BJ7: 1 | BK7: .net | BL7: 2 | BM7: 1 | BN7: swift | BO7: 2 | BP7: 1 | BQ7: javascript | BR7: 2 | BS7: 1 | BT7: c# | BU7: Domínio: Desktop Ecossistema: .NET Linguagens: C# Match (requisitos do projeto): DOM: M (0/1)[] S (0/1)[] C (0/1)[] ECO: M (0/2)[] S (0/1)[] C (1/1)[.net] LING: M (0/2)[] S (0/2)[] C (1/2)[c#] Colaboração (somente com membros desta equipe): 466-93: SEM_COMUM 466-292: SEM_COMUM 466-437: SEM_COMUM | BV7: Domínio: Desktop Ecossistema: .NET Linguagens: C# Match (requisitos do projeto): DOM: M (0/1)[] S (0/1)[] C (0/1)[] ECO: M (0/2)[] S (0/1)[] C (1/1)[.net] LING: M (0/2)[] S (0/2)[] C (1/2)[c#] Colaboração (somente com membros desta equipe): 93-292: SEM_COMUM 93-437: SEM_COMUM 93-466: SEM_COMUM | BW7: Domínio: Mobile Ecossistema: iOS/iPadOS Linguagens: Swift Match (requisitos do projeto): DOM: M (1/1)[mobile] S (0/1)[] C (0/1)[] ECO: M (1/2)[ios/ipados] S (0/1)[] C (0/1)[] LING: M (1/2)[swift] S (0/2)[] C (0/2)[] Colaboração (somente com membros desta equipe): 437-93: P158(,osf=0.670,slf=0.322); P82(,osf=0.567,slf=0.737); P85(,osf=0.784,slf=0.538) | 437-292: P82(,osf=0.567,slf=0.737) 437-292: SEM_COMUM 437-466: SEM_COMUM | BX7: Domínio: Web Ecossistema: Node.js Linguagens: JavaScript Match (requisitos do projeto): DOM: M (0/1)[] S (1/1)[web] C (0/1)[] ECO: M (0/2)[] S (0/1)[] C (0/1)[] LING: M (0/2)[] S (1/2)[javascript] C (0/2)[] Colaboração (somente com membros desta equipe): 292-93: P82(,osf=0.567,slf=0.737) | 292-437: P82(,osf=0.567,slf=0.737) 292-437: SEM_COMUM 292-466: SEM_COMUM
A8: P2 | B8: =IFERROR( "DOM M["&VLOOKUP($A8,Projetos!$A:$L,4,FALSE)&"] S["&VLOOKUP($A8,Projetos!$A:$L,5,FALSE)&"] C["&VLOOKUP($A8,Projetos!$A:$L,6,FALSE)&"]"&CHAR(10)& "ECO M["&VLOOKUP($A8,Projetos!$A:$L,7,FALSE)&"] S["&VLOOKUP($A8,Projetos!$A:$L,8,FALSE)&"] C["&VLOOKUP($A8,Projetos!$A:$L,9,FALSE)&"]"&CHAR(10)& "LING M["&VLOOKUP($A8,Projetos!$A:$L,10,FALSE)&"] S["&VLOOKUP($A8,Projetos!$A:$L,11,FALSE)&"] C["&VLOOKUP($A8,Projetos!$A:$L,12,FALSE)&"]" ,"") -> DOM M[Mobile] S[Web] C[Cloud] ECO M[Android, iOS/iPadOS] S[React] C[.NET] LING M[Kotlin, Swift] S[JavaScript, TypeScript] C[Java, C#] | C8: P2-TEAM1 | D8: [Dev270;Dev411;Dev479;Dev503] | E8: 0.10468 | F8: 0.5 | G8: 0.729460,0.268379,0.002161,0.000000,0.000000 | H8: 0/1 | I8: 1/1 | J8: 0/1 | K8: 0/2 | L8: 1/1 | M8: 0/1 | N8: 0/2 | O8: 2/2 | P8: 1/2 | Q8: FALSE | R8: DOM faltam 1 | ECO faltam 2 | LING faltam 2 | S8: 5 | T8: 2 | U8: 0.15454 | V8: 5 | W8: 0.10468 | X8: 0.5 | Y8: 0.976598,0.023402,0.000000,0.000000,0.000000 | Z8: 0.000000,0.000000,1.000000,0.000000,0.000000 | AA8: 0.729460,0.268379,0.002161,0.000000,0.000000 | AB8: 0.4 | AC8: M | AD8: VL | AE8: VL | AF8: VL | AG8: 0 | AH8: 0 | AI8: 0 | AJ8: 3.8924 | AK8: 0.032516 | AL8: 2.5e-05 | AM8: 5.2e-05 | AN8: 0.011972 | AO8: 0.011754 | AP8: 0.023726 | AQ8: 0.070302 | AR8: 0.291504 | AS8: 4.183905 | AT8: 1 | AU8: 0 | AW8: 1 | AX8: 1 | AY8: web | AZ8: 1 | BA8: 0 | BC8: 3 | BD8: 0 | BF8: 1 | BG8: 1 | BH8: react | BI8: 1 | BJ8: 0 | BL8: 2 | BM8: 0 | BO8: 2 | BP8: 2 | BQ8: javascript,typescript | BR8: 2 | BS8: 1 | BT8: java | BU8: Domínio: Web Ecossistema: Angular Linguagens: TypeScript Match (requisitos do projeto): DOM: M (0/1)[] S (1/1)[web] C (0/1)[] ECO: M (0/2)[] S (0/1)[] C (0/1)[] LING: M (0/2)[] S (1/2)[typescript] C (0/2)[] Colaboração (somente com membros desta equipe): 270-411: SEM_COMUM 270-479: SEM_COMUM 270-503: SEM_COMUM | BV8: Domínio: Web Ecossistema: Spring Boot Linguagens: Java Match (requisitos do projeto): DOM: M (0/1)[] S (1/1)[web] C (0/1)[] ECO: M (0/2)[] S (0/1)[] C (0/1)[] LING: M (0/2)[] S (0/2)[] C (1/2)[java] Colaboração (somente com membros desta equipe): 411-270: P82(,osf=0.567,slf=0.737) | 411-479: P179(,osf=0.489,slf=0.711) | 411-503: P145(,osf=0.612,slf=0.871); P177(,osf=0.340,slf=0.621); P284(,osf=0.383,slf=0.553) 411-479: SEM_COMUM 411-503: SEM_COMUM | BW8: Domínio: Web Ecossistema: Angular Linguagens: TypeScript Match (requisitos do projeto): DOM: M (0/1)[] S (1/1)[web] C (0/1)[] ECO: M (0/2)[] S (0/1)[] C (0/1)[] LING: M (0/2)[] S (1/2)[typescript] C (0/2)[] Colaboração (somente com membros desta equipe): 479-270: SEM_COMUM 479-411: P179(,osf=0.489,slf=0.711) 479-503: SEM_COMUM | BX8: Domínio: Web Ecossistema: React Linguagens: JavaScript Match (requisitos do projeto): DOM: M (0/1)[] S (1/1)[web] C (0/1)[] ECO: M (0/2)[] S (1/1)[react] C (0/1)[] LING: M (0/2)[] S (1/2)[javascript] C (0/2)[] Colaboração (somente com membros desta equipe): 503-270: SEM_COMUM 503-411: SEM_COMUM 503-479: SEM_COMUM
A9: P2 | C9: P2-TEAM2 | D9: [Dev115;Dev119;Dev399;Dev193] | E9: 0.273816 | F9: 0.5 | G9: 0.102481,0.815768,0.081708,0.000044,0.000000 | H9: 1/1 | I9: 1/1 | J9: 0/1 | K9: 1/2 | L9: 0/1 | M9: 1/1 | N9: 1/2 | O9: 1/2 | P9: 2/2 | Q9: FALSE | R9: ECO faltam 1 | LING faltam 1 | S9: 2 | T9: 3 | U9: 0.295863 | V9: 3 | W9: 0.273816 | X9: 0.5 | Y9: 0.132866,0.865190,0.001944,0.000000,0.000000 | Z9: 0.000000,0.000000,1.000000,0.000000,0.000000 | AA9: 0.102481,0.815768,0.081708,0.000044,0.000000 | AB9: 0.4 | AC9: M | AD9: M | AE9: L | AF9: VL | AG9: 0.428572 | AH9: 0.253968 | AI9: 0.125 | AJ9: 3.8924 | AK9: 0.003756 | AL9: 2.2e-05 | AM9: 3.9e-05 | AN9: 0.009141 | AO9: 0.011138 | AP9: 0.020279 | AQ9: 0.032959 | AR9: 0.291504 | AS9: 4.183905 | AT9: 1 | AU9: 1 | AV9: mobile | AW9: 1 | AX9: 1 | AY9: web | AZ9: 1 | BA9: 0 | BC9: 3 | BD9: 2 | BE9: ios,ipados | BF9: 1 | BG9: 0 | BI9: 1 | BJ9: 1 | BK9: .net | BL9: 2 | BM9: 1 | BN9: swift | BO9: 2 | BP9: 1 | BQ9: javascript | BR9: 2 | BS9: 2 | BT9: c#,java | BU9: Domínio: Web Ecossistema: Node.js Linguagens: JavaScript Match (requisitos do projeto): DOM: M (0/1)[] S (1/1)[web] C (0/1)[] ECO: M (0/2)[] S (0/1)[] C (0/1)[] LING: M (0/2)[] S (1/2)[javascript] C (0/2)[] Colaboração (somente com membros desta equipe): 115-119: SEM_COMUM 115-193: SEM_COMUM 115-399: SEM_COMUM | BV9: Domínio: Mobile Ecossistema: iOS/iPadOS Linguagens: Swift Match (requisitos do projeto): DOM: M (1/1)[mobile] S (0/1)[] C (0/1)[] ECO: M (1/2)[ios/ipados] S (0/1)[] C (0/1)[] LING: M (1/2)[swift] S (0/2)[] C (0/2)[] Colaboração (somente com membros desta equipe): 119-115: SEM_COMUM 119-193: P82(,osf=0.567,slf=0.737) | 119-399: P82(,osf=0.567,slf=0.737) 119-399: SEM_COMUM | BW9: Domínio: Desktop Ecossistema: .NET Linguagens: C# Match (requisitos do projeto): DOM: M (0/1)[] S (0/1)[] C (0/1)[] ECO: M (0/2)[] S (0/1)[] C (1/1)[.net] LING: M (0/2)[] S (0/2)[] C (1/2)[c#] Colaboração (somente com membros desta equipe): 399-115: SEM_COMUM 399-119: P82(,osf=0.567,slf=0.737) | 399-193: P82(,osf=0.567,slf=0.737); P85(,osf=0.784,slf=0.538) 399-193: SEM_COMUM | BX9: Domínio: Web Ecossistema: Spring Boot Linguagens: Java Match (requisitos do projeto): DOM: M (0/1)[] S (1/1)[web] C (0/1)[] ECO: M (0/2)[] S (0/1)[] C (0/1)[] LING: M (0/2)[] S (0/2)[] C (1/2)[java] Colaboração (somente com membros desta equipe): 193-115: SEM_COMUM 193-119: SEM_COMUM 193-399: SEM_COMUM
A10: P2 | C10: P2-TEAM3 | D10: [Dev468;Dev263;Dev503;Dev5] | E10: 0.249664 | F10: 0.5 | G10: 0.191098,0.739495,0.069397,0.000010,0.000000 | H10: 1/1 | I10: 1/1 | J10: 1/1 | K10: 1/2 | L10: 1/1 | M10: 0/1 | N10: 1/2 | O10: 1/2 | P10: 0/2 | Q10: FALSE | R10: ECO faltam 1 | LING faltam 1 | S10: 2 | T10: 5 | U10: 0.275664 | V10: 4 | W10: 0.249664 | X10: 0.5 | Y10: 0.252112,0.747457,0.000431,0.000000,0.000000 | Z10: 0.000000,0.000000,1.000000,0.000000,0.000000 | AA10: 0.191098,0.739495,0.069397,0.000010,0.000000 | AB10: 0.4 | AC10: M | AD10: M | AE10: VL | AF10: VL | AG10: 0.428572 | AH10: 0.047619 | AI10: 0.0625 | AJ10: 3.8924 | AK10: 0.019266 | AL10: 2.1e-05 | AM10: 4.3e-05 | AN10: 0.00862 | AO10: 0.017026 | AP10: 0.025646 | AQ10: 0.054377 | AR10: 0.291504 | AS10: 4.183905 | AT10: 1 | AU10: 1 | AV10: mobile | AW10: 1 | AX10: 1 | AY10: web | AZ10: 1 | BA10: 1 | BB10: cloud | BC10: 3 | BD10: 1 | BE10: android | BF10: 1 | BG10: 1 | BH10: react | BI10: 1 | BJ10: 0 | BL10: 2 | BM10: 1 | BN10: kotlin | BO10: 2 | BP10: 1 | BQ10: javascript | BR10: 2 | BS10: 0 | BU10: Domínio: Cloud Ecossistema: AWS Lambda Linguagens: Python Match (requisitos do projeto): DOM: M (0/1)[] S (0/1)[] C (1/1)[cloud] ECO: M (0/2)[] S (0/1)[] C (0/1)[] LING: M (0/2)[] S (0/2)[] C (0/2)[] Colaboração (somente com membros desta equipe): 468-5: P82(,osf=0.567,slf=0.737) | 468-508: P196(,osf=0.888,slf=0.339) | 468-516: P82(,osf=0.567,slf=0.737); P85(,osf=0.784,slf=0.538) 468-263: SEM_COMUM 468-503: SEM_COMUM | BV10: Domínio: Web Ecossistema: Vue Linguagens: JavaScript Match (requisitos do projeto): DOM: M (0/1)[] S (1/1)[web] C (0/1)[] ECO: M (0/2)[] S (0/1)[] C (0/1)[] LING: M (0/2)[] S (1/2)[javascript] C (0/2)[] Colaboração (somente com membros desta equipe): 263-5: P179(,osf=0.489,slf=0.711) | 263-145: P179(,osf=0.489,slf=0.711); P201(,osf=0.535,slf=0.596) 263-468: SEM_COMUM 263-503: SEM_COMUM | BW10: Domínio: Web Ecossistema: React Linguagens: JavaScript Match (requisitos do projeto): DOM: M (0/1)[] S (1/1)[web] C (0/1)[] ECO: M (0/2)[] S (1/1)[react] C (0/1)[] LING: M (0/2)[] S (1/2)[javascript] C (0/2)[] Colaboração (somente com membros desta equipe): 503-5: P145(,osf=0.612,slf=0.871); P177(,osf=0.340,slf=0.621); P213(,osf=0.312,slf=0.608); P216(,osf=0.401,slf=0.341); P279(,osf=0.594,slf=0.422) | 503-411: P145(,osf=0.612,slf=0.871); P177(,osf=0.340,slf=0.621); P284(,osf=0.383,slf=0.553) 503-263: SEM_COMUM 503-468: SEM_COMUM | BX10: Domínio: Mobile Ecossistema: Android Linguagens: Kotlin Match (requisitos do projeto): DOM: M (1/1)[mobile] S (0/1)[] C (0/1)[] ECO: M (1/2)[android] S (0/1)[] C (0/1)[] LING: M (1/2)[kotlin] S (0/2)[] C (0/2)[] Colaboração (somente com membros desta equipe): 5-263: P179(,osf=0.489,slf=0.711) | 5-468: P82(,osf=0.567,slf=0.737) | 5-503: P145(,osf=0.612,slf=0.871); P177(,osf=0.340,slf=0.621); P213(,osf=0.312,slf=0.608); P216(,osf=0.401,slf=0.341); P279(,osf=0.594,slf=0.422) 5-468: SEM_COMUM 5-503: SEM_COMUM
A11: P2 | C11: P2-TEAM4 | D11: [Dev104;Dev363;Dev544;Dev81] | E11: 0.489471 | F11: 0.3 | G11: 0.004844,0.905825,0.089331,0.000000,0.000000 | H11: 1/1 | I11: 0/1 | J11: 0/1 | K11: 2/2 | L11: 0/1 | M11: 0/1 | N11: 2/2 | O11: 1/2 | P11: 0/2 | Q11: TRUE | R11: OK | S11: 0 | T11: 3 | U11: 0.316897 | V11: 1 | W11: 0.489471 | X11: 0.3 | Y11: 0.000000,0.059900,0.932845,0.007255,0.000000 | Z11: 0.000000,1.000000,0.000000,0.000000,0.000000 | AA11: 0.004844,0.905825,0.089331,0.000000,0.000000 | AB11: 0.2 | AC11: L | AD11: M | AE11: L | AF11: M | AG11: 0.5 | AH11: 0.357143 | AI11: 0.464286 | AJ11: 3.8924 | AK11: 0.036072 | AL11: 2.2e-05 | AM11: 4.4e-05 | AN11: 0.010703 | AO11: 0.012503 | AP11: 0.023206 | AQ11: 0.069384 | AR11: 0.291504 | AS11: 4.183905 | AT11: 1 | AU11: 1 | AV11: mobile | AW11: 1 | AX11: 0 | AZ11: 1 | BA11: 0 | BC11: 3 | BD11: 3 | BE11: android,ios,ipados | BF11: 1 | BG11: 0 | BI11: 1 | BJ11: 0 | BL11: 2 | BM11: 2 | BN11: kotlin,swift | BO11: 2 | BP11: 1 | BQ11: javascript | BR11: 2 | BS11: 0 | BU11: Domínio: Mobile Ecossistema: Android Linguagens: Kotlin Match (requisitos do projeto): DOM: M (1/1)[mobile] S (0/1)[] C (0/1)[] ECO: M (1/2)[android] S (0/1)[] C (0/1)[] LING: M (1/2)[kotlin] S (0/2)[] C (0/2)[] Colaboração (somente com membros desta equipe): 104-81: P69(,osf=0.478,slf=0.301) 104-363: SEM_COMUM 104-544: SEM_COMUM | BV11: Domínio: Mobile Ecossistema: iOS/iPadOS Linguagens: Swift Match (requisitos do projeto): DOM: M (1/1)[mobile] S (0/1)[] C (0/1)[] ECO: M (1/2)[ios/ipados] S (0/1)[] C (0/1)[] LING: M (1/2)[swift] S (0/2)[] C (0/2)[] Colaboração (somente com membros desta equipe): 363-81: SEM_COMUM 363-104: SEM_COMUM 363-544: SEM_COMUM | BW11: Domínio: Mobile Ecossistema: iOS/iPadOS Linguagens: Swift Match (requisitos do projeto): DOM: M (1/1)[mobile] S (0/1)[] C (0/1)[] ECO: M (1/2)[ios/ipados] S (0/1)[] C (0/1)[] LING: M (1/2)[swift] S (0/2)[] C (0/2)[] Colaboração (somente com membros desta equipe): 544-81: SEM_COMUM 544-104: SEM_COMUM 544-363: SEM_COMUM | BX11: Domínio: IoT Ecossistema: nan Linguagens: JavaScript Match (requisitos do projeto): DOM: M (0/1)[] S (0/1)[] C (0/1)[] ECO: M (0/2)[] S (0/1)[] C (0/1)[] LING: M (0/2)[] S (1/2)[javascript] C (0/2)[] Colaboração (somente com membros desta equipe): 81-104: P69(,osf=0.478,slf=0.301) 81-363: SEM_COMUM 81-544: SEM_COMUM
A12: P3 | B12: =IFERROR(VLOOKUP(A14,Projetos!$A$2:$C$7,2,FALSE),"") -> Cloud IoT Sensor Platform | C12: P3-TEAM0 | D12: [Dev423;Dev558;Dev494;Dev391] | E12: 0.350869 | F12: 0.3 | G12: 0.017959,0.941256,0.040785,0.000000,0.000000 | H12: 1/2 | I12: 1/1 | J12: 0/1 | K12: 1/1 | L12: 1/3 | M12: 1/1 | N12: 1/2 | O12: 1/1 | P12: 0/2 | Q12: FALSE | R12: DOM faltam 1 | LING faltam 1 | S12: 2 | T12: 1 | U12: 0.304565 | V12: 1 | W12: 0.350869 | X12: 0.3 | Y12: 0.000418,0.744821,0.254759,0.000002,0.000000 | Z12: 0.000000,1.000000,0.000000,0.000000,0.000000 | AA12: 0.017959,0.941256,0.040785,0.000000,0.000000 | AB12: 0.2 | AC12: L | AD12: L | AE12: VH | AF12: L | AG12: 0.214286 | AH12: 0.952381 | AI12: 0.214286 | AJ12: 3.8924 | AK12: 0.004499 | AL12: 2.5e-05 | AM12: 5.4e-05 | AN12: 0.01386 | AO12: 0.013487 | AP12: 0.027347 | AQ12: 0.045754 | AR12: 0.404901 | AS12: 4.297301 | AT12: 2 | AU12: 1 | AV12: cloud | AW12: 1 | AX12: 1 | AY12: web | AZ12: 1 | BA12: 0 | BC12: 1 | BD12: 1 | BE12: aws lambda | BF12: 3 | BG12: 1 | BH12: react | BI12: 1 | BJ12: 1 | BK12: android | BL12: 2 | BM12: 1 | BN12: python | BO12: 1 | BP12: 1 | BQ12: javascript | BR12: 2 | BS12: 0 | BU12: Domínio: Web Ecossistema: React Linguagens: JavaScript Match (requisitos do projeto): DOM: M (0/2)[] S (1/1)[web] C (0/1)[] ECO: M (0/1)[] S (1/3)[react] C (0/1)[] LING: M (0/2)[] S (1/1)[javascript] C (0/2)[] Colaboração (somente com membros desta equipe): 423-391: SEM_COMUM 423-494: SEM_COMUM 423-558: P85(,osf=0.784,slf=0.538) | BV12: Domínio: Mobile Ecossistema: Android Linguagens: Kotlin Match (requisitos do projeto): DOM: M (0/2)[] S (0/1)[] C (0/1)[] ECO: M (0/1)[] S (0/3)[] C (1/1)[android] LING: M (0/2)[] S (0/1)[] C (0/2)[] Colaboração (somente com membros desta equipe): 558-391: SEM_COMUM 558-423: SEM_COMUM 558-494: SEM_COMUM | BW12: Domínio: Cloud Ecossistema: AWS Lambda Linguagens: Python Match (requisitos do projeto): DOM: M (1/2)[cloud] S (0/1)[] C (0/1)[] ECO: M (1/1)[aws lambda] S (0/3)[] C (0/1)[] LING: M (1/2)[python] S (0/1)[] C (0/2)[] Colaboração (somente com membros desta equipe): 494-391: SEM_COMUM 494-423: SEM_COMUM 494-558: SEM_COMUM | BX12: Domínio: Cloud Ecossistema: AWS Lambda Linguagens: Python Match (requisitos do projeto): DOM: M (1/2)[cloud] S (0/1)[] C (0/1)[] ECO: M (1/1)[aws lambda] S (0/3)[] C (0/1)[] LING: M (1/2)[python] S (0/1)[] C (0/2)[] Colaboração (somente com membros desta equipe): 391-423: SEM_COMUM 391-494: SEM_COMUM 391-558: SEM_COMUM
A13: P3 | B13: =IFERROR( "DOM M["&VLOOKUP($A14,Projetos!$A:$L,4,FALSE)&"] S["&VLOOKUP($A14,Projetos!$A:$L,5,FALSE)&"] C["&VLOOKUP($A14,Projetos!$A:$L,6,FALSE)&"]"&CHAR(10)& "ECO M["&VLOOKUP($A14,Projetos!$A:$L,7,FALSE)&"] S["&VLOOKUP($A14,Projetos!$A:$L,8,FALSE)&"] C["&VLOOKUP($A14,Projetos!$A:$L,9,FALSE)&"]"&CHAR(10)& "LING M["&VLOOKUP($A14,Projetos!$A:$L,10,FALSE)&"] S["&VLOOKUP($A14,Projetos!$A:$L,11,FALSE)&"] C["&VLOOKUP($A14,Projetos!$A:$L,12,FALSE)&"]" ,"") -> DOM M[IoT, Cloud] S[Web] C[Desktop] ECO M[AWS Lambda] S[React, Angular, MongoDB] C[Android] LING M[Python, C++] S[JavaScript] C[Java, TypeScript] | C13: P3-TEAM1 | D13: [Dev104;Dev446;Dev152;Dev465] | E13: 0.10468 | F13: 0.1 | G13: 0.974991,0.025009,0.000000,0.000000,0.000000 | H13: 0/2 | I13: 1/1 | J13: 0/1 | K13: 0/1 | L13: 1/3 | M13: 1/1 | N13: 0/2 | O13: 1/1 | P13: 1/2 | Q13: FALSE | R13: DOM faltam 2 | ECO faltam 1 | LING faltam 2 | S13: 5 | T13: 4 | U13: 0.105002 | V13: 2 | W13: 0.10468 | X13: 0.1 | Y13: 0.976598,0.023402,0.000000,0.000000,0.000000 | Z13: 1.000000,0.000000,0.000000,0.000000,0.000000 | AA13: 0.974991,0.025009,0.000000,0.000000,0.000000 | AB13: 0.1 | AC13: VL | AD13: VL | AE13: VL | AF13: VL | AG13: 0 | AH13: 0 | AI13: 0 | AJ13: 3.8924 | AK13: 0.034998 | AL13: 4.3e-05 | AM13: 7.2e-05 | AN13: 0.011745 | AO13: 0.011013 | AP13: 0.022758 | AQ13: 0.138618 | AR13: 0.404901 | AS13: 4.297301 | AT13: 2 | AU13: 0 | AW13: 1 | AX13: 1 | AY13: web | AZ13: 1 | BA13: 0 | BC13: 1 | BD13: 0 | BF13: 3 | BG13: 1 | BH13: react | BI13: 1 | BJ13: 1 | BK13: android | BL13: 2 | BM13: 0 | BO13: 1 | BP13: 1 | BQ13: javascript | BR13: 2 | BS13: 1 | BT13: java | BU13: Domínio: Mobile Ecossistema: Android Linguagens: Kotlin Match (requisitos do projeto): DOM: M (0/2)[] S (0/1)[] C (0/1)[] ECO: M (0/1)[] S (0/3)[] C (1/1)[android] LING: M (0/2)[] S (0/1)[] C (0/2)[] Colaboração (somente com membros desta equipe): 104-152: SEM_COMUM 104-446: SEM_COMUM 104-465: SEM_COMUM | BV13: Domínio: Mobile Ecossistema: Android Linguagens: Kotlin Match (requisitos do projeto): DOM: M (0/2)[] S (0/1)[] C (0/1)[] ECO: M (0/1)[] S (0/3)[] C (1/1)[android] LING: M (0/2)[] S (0/1)[] C (0/2)[] Colaboração (somente com membros desta equipe): 446-104: SEM_COMUM 446-152: SEM_COMUM 446-465: SEM_COMUM | BW13: Domínio: Web Ecossistema: React Linguagens: JavaScript Match (requisitos do projeto): DOM: M (0/2)[] S (1/1)[web] C (0/1)[] ECO: M (0/1)[] S (1/3)[react] C (0/1)[] LING: M (0/2)[] S (1/1)[javascript] C (0/2)[] Colaboração (somente com membros desta equipe): 152-104: SEM_COMUM 152-446: SEM_COMUM 152-465: SEM_COMUM | BX13: Domínio: Web Ecossistema: Spring Boot Linguagens: Java Match (requisitos do projeto): DOM: M (0/2)[] S (1/1)[web] C (0/1)[] ECO: M (0/1)[] S (0/3)[] C (0/1)[] LING: M (0/2)[] S (0/1)[] C (1/2)[java] Colaboração (somente com membros desta equipe): 465-104: SEM_COMUM 465-152: SEM_COMUM 465-446: SEM_COMUM
A14: P3 | C14: P3-TEAM2 | D14: [Dev362;Dev242;Dev450;Dev161] | E14: 0.10468 | F14: 0.1 | G14: 0.974991,0.025009,0.000000,0.000000,0.000000 | H14: 0/2 | I14: 1/1 | J14: 1/1 | K14: 0/1 | L14: 1/3 | M14: 0/1 | N14: 0/2 | O14: 1/1 | P14: 0/2 | Q14: FALSE | R14: DOM faltam 2 | ECO faltam 1 | LING faltam 2 | S14: 5 | T14: 3 | U14: 0.105002 | V14: 3 | W14: 0.10468 | X14: 0.1 | Y14: 0.976598,0.023402,0.000000,0.000000,0.000000 | Z14: 1.000000,0.000000,0.000000,0.000000,0.000000 | AA14: 0.974991,0.025009,0.000000,0.000000,0.000000 | AB14: 0.1 | AC14: VL | AD14: VL | AE14: VL | AF14: VL | AG14: 0 | AH14: 0 | AI14: 0 | AJ14: 3.8924 | AK14: 0.053198 | AL14: 2e-05 | AM14: 4e-05 | AN14: 0.043255 | AO14: 0.013687 | AP14: 0.056941 | AQ14: 0.119364 | AR14: 0.404901 | AS14: 4.297301 | AT14: 2 | AU14: 0 | AW14: 1 | AX14: 1 | AY14: web | AZ14: 1 | BA14: 1 | BB14: desktop | BC14: 1 | BD14: 0 | BF14: 3 | BG14: 1 | BH14: react | BI14: 1 | BJ14: 0 | BL14: 2 | BM14: 1 | BN14: c++ | BO14: 1 | BP14: 1 | BQ14: javascript | BR14: 2 | BS14: 0 | BU14: Domínio: Web Ecossistema: React Linguagens: JavaScript Match (requisitos do projeto): DOM: M (0/2)[] S (1/1)[web] C (0/1)[] ECO: M (0/1)[] S (1/3)[react] C (0/1)[] LING: M (0/2)[] S (1/1)[javascript] C (0/2)[] Colaboração (somente com membros desta equipe): 362-161: SEM_COMUM 362-242: SEM_COMUM 362-450: SEM_COMUM | BV14: Domínio: Web Ecossistema: Node.js Linguagens: JavaScript Match (requisitos do projeto): DOM: M (0/2)[] S (1/1)[web] C (0/1)[] ECO: M (0/1)[] S (0/3)[] C (0/1)[] LING: M (0/2)[] S (1/1)[javascript] C (0/2)[] Colaboração (somente com membros desta equipe): 242-161: SEM_COMUM 242-362: SEM_COMUM 242-450: SEM_COMUM | BW14: Domínio: Desktop Ecossistema: .NET Linguagens: C# Match (requisitos do projeto): DOM: M (0/2)[] S (0/1)[] C (1/1)[desktop] ECO: M (0/1)[] S (0/3)[] C (0/1)[] LING: M (0/2)[] S (0/1)[] C (0/2)[] Colaboração (somente com membros desta equipe): 450-161: SEM_COMUM 450-242: SEM_COMUM 450-362: SEM_COMUM | BX14: Domínio: nan Ecossistema: nan Linguagens: JavaScript Match (requisitos do projeto): DOM: M (0/2)[] S (0/1)[] C (0/1)[] ECO: M (0/1)[] S (0/3)[] C (0/1)[] LING: M (0/2)[] S (1/1)[javascript] C (0/2)[] Colaboração (somente com membros desta equipe): 161-242: SEM_COMUM 161-362: SEM_COMUM 161-450: SEM_COMUM
A15: P3 | C15: P3-TEAM3 | D15: [Dev362;Dev354;Dev495;Dev458] | E15: 0.10468 | F15: 0.1 | G15: 0.974991,0.025009,0.000000,0.000000,0.000000 | H15: 0/2 | I15: 1/1 | J15: 0/1 | K15: 0/1 | L15: 1/3 | M15: 0/1 | N15: 0/2 | O15: 1/1 | P15: 1/2 | Q15: FALSE | R15: DOM faltam 2 | ECO faltam 1 | LING faltam 2 | S15: 5 | T15: 1 | U15: 0.105002 | V15: 4 | W15: 0.10468 | X15: 0.1 | Y15: 0.976598,0.023402,0.000000,0.000000,0.000000 | Z15: 1.000000,0.000000,0.000000,0.000000,0.000000 | AA15: 0.974991,0.025009,0.000000,0.000000,0.000000 | AB15: 0.1 | AC15: VL | AD15: VL | AE15: VL | AF15: VL | AG15: 0 | AH15: 0 | AI15: 0 | AJ15: 3.8924 | AK15: 0.010359 | AL15: 2.5e-05 | AM15: 5.5e-05 | AN15: 0.012235 | AO15: 0.015545 | AP15: 0.02778 | AQ15: 0.05062 | AR15: 0.404901 | AS15: 4.297301 | AT15: 2 | AU15: 0 | AW15: 1 | AX15: 1 | AY15: web | AZ15: 1 | BA15: 0 | BC15: 1 | BD15: 0 | BF15: 3 | BG15: 1 | BH15: react | BI15: 1 | BJ15: 0 | BL15: 2 | BM15: 0 | BO15: 1 | BP15: 1 | BQ15: javascript | BR15: 2 | BS15: 1 | BT15: java | BU15: Domínio: Web Ecossistema: React Linguagens: JavaScript Match (requisitos do projeto): DOM: M (0/2)[] S (1/1)[web] C (0/1)[] ECO: M (0/1)[] S (1/3)[react] C (0/1)[] LING: M (0/2)[] S (1/1)[javascript] C (0/2)[] Colaboração (somente com membros desta equipe): 362-354: SEM_COMUM 362-458: SEM_COMUM 362-495: SEM_COMUM | BV15: Domínio: Web Ecossistema: Node.js Linguagens: JavaScript Match (requisitos do projeto): DOM: M (0/2)[] S (1/1)[web] C (0/1)[] ECO: M (0/1)[] S (0/3)[] C (0/1)[] LING: M (0/2)[] S (1/1)[javascript] C (0/2)[] Colaboração (somente com membros desta equipe): 354-362: SEM_COMUM 354-458: SEM_COMUM 354-495: SEM_COMUM | BW15: Domínio: Web Ecossistema: Spring Boot Linguagens: Java Match (requisitos do projeto): DOM: M (0/2)[] S (1/1)[web] C (0/1)[] ECO: M (0/1)[] S (0/3)[] C (0/1)[] LING: M (0/2)[] S (0/1)[] C (1/2)[java] Colaboração (somente com membros desta equipe): 495-354: SEM_COMUM 495-362: SEM_COMUM 495-458: SEM_COMUM | BX15: Domínio: Mobile Ecossistema: iOS/iPadOS Linguagens: Swift Match (requisitos do projeto): DOM: M (0/2)[] S (0/1)[] C (0/1)[] ECO: M (0/1)[] S (0/3)[] C (0/1)[] LING: M (0/2)[] S (0/1)[] C (0/2)[] Colaboração (somente com membros desta equipe): 458-354: SEM_COMUM 458-362: SEM_COMUM 458-495: SEM_COMUM
A16: P3 | C16: P3-TEAM4 | D16: [Dev439;Dev16;Dev209;Dev463] | E16: 0.10468 | F16: 0.1 | G16: 0.974991,0.025009,0.000000,0.000000,0.000000 | H16: 0/2 | I16: 1/1 | J16: 0/1 | K16: 0/1 | L16: 1/3 | M16: 0/1 | N16: 0/2 | O16: 1/1 | P16: 0/2 | Q16: FALSE | R16: DOM faltam 2 | ECO faltam 1 | LING faltam 2 | S16: 5 | T16: 4 | U16: 0.105002 | V16: 5 | W16: 0.10468 | X16: 0.1 | Y16: 0.976598,0.023402,0.000000,0.000000,0.000000 | Z16: 1.000000,0.000000,0.000000,0.000000,0.000000 | AA16: 0.974991,0.025009,0.000000,0.000000,0.000000 | AB16: 0.1 | AC16: VL | AD16: VL | AE16: VL | AF16: VL | AG16: 0 | AH16: 0 | AI16: 0 | AJ16: 3.8924 | AK16: 0.007969 | AL16: 2.8e-05 | AM16: 5.8e-05 | AN16: 0.013142 | AO16: 0.013101 | AP16: 0.026243 | AQ16: 0.047717 | AR16: 0.404901 | AS16: 4.297301 | AT16: 2 | AU16: 0 | AW16: 1 | AX16: 1 | AY16: web | AZ16: 1 | BA16: 0 | BC16: 1 | BD16: 0 | BF16: 3 | BG16: 1 | BH16: react | BI16: 1 | BJ16: 0 | BL16: 2 | BM16: 0 | BO16: 1 | BP16: 1 | BQ16: javascript | BR16: 2 | BS16: 0 | BU16: Domínio: Web Ecossistema: React Linguagens: JavaScript Match (requisitos do projeto): DOM: M (0/2)[] S (1/1)[web] C (0/1)[] ECO: M (0/1)[] S (1/3)[react] C (0/1)[] LING: M (0/2)[] S (1/1)[javascript] C (0/2)[] Colaboração (somente com membros desta equipe): 439-16: SEM_COMUM 439-209: SEM_COMUM 439-463: SEM_COMUM | BV16: Domínio: nan Ecossistema: iOS/iPadOS Linguagens: nan Match (requisitos do projeto): DOM: M (0/2)[] S (0/1)[] C (0/1)[] ECO: M (0/1)[] S (0/3)[] C (0/1)[] LING: M (0/2)[] S (0/1)[] C (0/2)[] Colaboração (somente com membros desta equipe): 16-209: SEM_COMUM 16-439: SEM_COMUM 16-463: SEM_COMUM | BW16: Domínio: Web Ecossistema: Node.js Linguagens: JavaScript Match (requisitos do projeto): DOM: M (0/2)[] S (1/1)[web] C (0/1)[] ECO: M (0/1)[] S (0/3)[] C (0/1)[] LING: M (0/2)[] S (1/1)[javascript] C (0/2)[] Colaboração (somente com membros desta equipe): 209-16: SEM_COMUM 209-439: SEM_COMUM 209-463: SEM_COMUM | BX16: Domínio: Web Ecossistema: Vue Linguagens: JavaScript Match (requisitos do projeto): DOM: M (0/2)[] S (1/1)[web] C (0/1)[] ECO: M (0/1)[] S (0/3)[] C (0/1)[] LING: M (0/2)[] S (1/1)[javascript] C (0/2)[] Colaboração (somente com membros desta equipe): 463-16: SEM_COMUM 463-209: SEM_COMUM 463-439: SEM_COMUM
A17: P4 | B17: =IFERROR(VLOOKUP(A20,Projetos!$A$2:$C$7,2,FALSE),"") -> Web Analytic Reports SaaS | C17: P4-TEAM0 | D17: [Dev263;Dev241;Dev303;Dev548] | E17: 0.699957 | F17: 0.1 | G17: 0.499516,0.500444,0.000040,0.000000,0.000000 | H17: 1/1 | I17: 0/1 | J17: 1/1 | K17: 0/1 | L17: 0/2 | M17: 0/1 | N17: 1/1 | O17: 0/2 | P17: 1/2 | Q17: FALSE | R17: ECO faltam 1 | S17: 1 | T17: 2 | U17: 0.200105 | V17: 5 | W17: 0.699957 | X17: 0.1 | Y17: 0.000000,0.000000,0.022857,0.954499,0.022644 | Z17: 1.000000,0.000000,0.000000,0.000000,0.000000 | AA17: 0.499516,0.500444,0.000040,0.000000,0.000000 | AB17: 0.1 | AC17: VL | AD17: VH | AE17: VL | AF17: H | AG17: 1 | AH17: 0 | AI17: 0.75 | AJ17: 3.8924 | AK17: 0.004635 | AL17: 2.1e-05 | AM17: 4.1e-05 | AN17: 0.010396 | AO17: 0.011628 | AP17: 0.022024 | AQ17: 0.042341 | AR17: 0.271404 | AS17: 4.163804 | AT17: 1 | AU17: 1 | AV17: web | AW17: 1 | AX17: 0 | AZ17: 1 | BA17: 1 | BB17: desktop | BC17: 1 | BD17: 0 | BF17: 2 | BG17: 0 | BI17: 1 | BJ17: 0 | BL17: 1 | BM17: 1 | BN17: javascript | BO17: 2 | BP17: 0 | BR17: 2 | BS17: 1 | BT17: c# | BU17: Domínio: Web Ecossistema: Vue Linguagens: JavaScript Match (requisitos do projeto): DOM: M (1/1)[web] S (0/1)[] C (0/1)[] ECO: M (0/1)[] S (0/2)[] C (0/1)[] LING: M (1/1)[javascript] S (0/2)[] C (0/2)[] Colaboração (somente com membros desta equipe): 263-241: SEM_COMUM 263-303: SEM_COMUM 263-548: SEM_COMUM | BV17: Domínio: Web Ecossistema: Node.js Linguagens: JavaScript Match (requisitos do projeto): DOM: M (1/1)[web] S (0/1)[] C (0/1)[] ECO: M (0/1)[] S (0/2)[] C (0/1)[] LING: M (1/1)[javascript] S (0/2)[] C (0/2)[] Colaboração (somente com membros desta equipe): 241-263: SEM_COMUM 241-303: SEM_COMUM 241-548: SEM_COMUM | BW17: Domínio: Desktop Ecossistema: .NET Linguagens: C# Match (requisitos do projeto): DOM: M (0/1)[] S (0/1)[] C (1/1)[desktop] ECO: M (0/1)[] S (0/2)[] C (0/1)[] LING: M (0/1)[] S (0/2)[] C (1/2)[c#] Colaboração (somente com membros desta equipe): 303-241: SEM_COMUM 303-263: SEM_COMUM 303-548: SEM_COMUM | BX17: Domínio: Mobile Ecossistema: iOS/iPadOS Linguagens: Swift Match (requisitos do projeto): DOM: M (0/1)[] S (0/1)[] C (0/1)[] ECO: M (0/1)[] S (0/2)[] C (0/1)[] LING: M (0/1)[] S (0/2)[] C (0/2)[] Colaboração (somente com membros desta equipe): 548-241: SEM_COMUM 548-263: SEM_COMUM 548-303: SEM_COMUM
